ID,EMAIL,REGISTRADO,ADMIN,PASSWORD
589,luis@gmail.com,45:00.9,FALSE,$2b$13$e.UpewnPoVvoBoUqtZDvTelwrWiRbE1Q5eHP.HqZ76q3swQG0G0/S
590,luis@gmail.com,45:00.9,FALSE,$2b$13$e.UpewnPoVvoBoUqtZDvTelwrWiRbE1Q5eHP.HqZ76q3swQG0G0/S
591,luis@gmail.com,45:00.9,FALSE,$2b$13$e.UpewnPoVvoBoUqtZDvTelwrWiRbE1Q5eHP.HqZ76q3swQG0G0/S
592,luis@gmail.com,45:00.9,FALSE,$2b$13$e.UpewnPoVvoBoUqtZDvTelwrWiRbE1Q5eHP.HqZ76q3swQG0G0/S
593,luis@gmail.com,45:00.9,FALSE,$2b$13$e.UpewnPoVvoBoUqtZDvTelwrWiRbE1Q5eHP.HqZ76q3swQG0G0/S
594,luis@gmail.com,45:00.9,FALSE,$2b$13$e.UpewnPoVvoBoUqtZDvTelwrWiRbE1Q5eHP.HqZ76q3swQG0G0/S
595,luis@gmail.com,45:00.9,FALSE,$2b$13$e.UpewnPoVvoBoUqtZDvTelwrWiRbE1Q5eHP.HqZ76q3swQG0G0/S
596,luis@gmail.com,45:00.9,FALSE,$2b$13$e.UpewnPoVvoBoUqtZDvTelwrWiRbE1Q5eHP.HqZ76q3swQG0G0/S
597,luis@gmail.com,45:00.9,FALSE,$2b$13$e.UpewnPoVvoBoUqtZDvTelwrWiRbE1Q5eHP.HqZ76q3swQG0G0/S
598,luis@gmail.com,45:00.9,FALSE,$2b$13$e.UpewnPoVvoBoUqtZDvTelwrWiRbE1Q5eHP.HqZ76q3swQG0G0/S
599,luis@gmail.com,45:00.9,FALSE,$2b$13$e.UpewnPoVvoBoUqtZDvTelwrWiRbE1Q5eHP.HqZ76q3swQG0G0/S
600,luis@gmail.com,45:00.9,FALSE,$2b$13$e.UpewnPoVvoBoUqtZDvTelwrWiRbE1Q5eHP.HqZ76q3swQG0G0/S
601,luis@gmail.com,45:00.9,FALSE,$2b$13$e.UpewnPoVvoBoUqtZDvTelwrWiRbE1Q5eHP.HqZ76q3swQG0G0/S
602,luis@gmail.com,45:00.9,FALSE,$2b$13$e.UpewnPoVvoBoUqtZDvTelwrWiRbE1Q5eHP.HqZ76q3swQG0G0/S
603,luis@gmail.com,45:00.9,FALSE,$2b$13$e.UpewnPoVvoBoUqtZDvTelwrWiRbE1Q5eHP.HqZ76q3swQG0G0/S
604,luis@gmail.com,45:00.9,FALSE,$2b$13$e.UpewnPoVvoBoUqtZDvTelwrWiRbE1Q5eHP.HqZ76q3swQG0G0/S
605,luis@gmail.com,45:00.9,FALSE,$2b$13$e.UpewnPoVvoBoUqtZDvTelwrWiRbE1Q5eHP.HqZ76q3swQG0G0/S
606,luis@gmail.com,45:00.9,FALSE,$2b$13$e.UpewnPoVvoBoUqtZDvTelwrWiRbE1Q5eHP.HqZ76q3swQG0G0/S
607,luis@gmail.com,45:00.9,FALSE,$2b$13$e.UpewnPoVvoBoUqtZDvTelwrWiRbE1Q5eHP.HqZ76q3swQG0G0/S
608,luis@gmail.com,45:00.9,FALSE,$2b$13$e.UpewnPoVvoBoUqtZDvTelwrWiRbE1Q5eHP.HqZ76q3swQG0G0/S
609,luis@gmail.com,45:00.9,FALSE,$2b$13$e.UpewnPoVvoBoUqtZDvTelwrWiRbE1Q5eHP.HqZ76q3swQG0G0/S
610,luis@gmail.com,45:00.9,FALSE,$2b$13$e.UpewnPoVvoBoUqtZDvTelwrWiRbE1Q5eHP.HqZ76q3swQG0G0/S
611,luis@gmail.com,45:00.9,FALSE,$2b$13$e.UpewnPoVvoBoUqtZDvTelwrWiRbE1Q5eHP.HqZ76q3swQG0G0/S
612,luis@gmail.com,45:00.9,FALSE,$2b$13$e.UpewnPoVvoBoUqtZDvTelwrWiRbE1Q5eHP.HqZ76q3swQG0G0/S
613,luis@gmail.com,45:00.9,FALSE,$2b$13$e.UpewnPoVvoBoUqtZDvTelwrWiRbE1Q5eHP.HqZ76q3swQG0G0/S
614,luis@gmail.com,45:00.9,FALSE,$2b$13$e.UpewnPoVvoBoUqtZDvTelwrWiRbE1Q5eHP.HqZ76q3swQG0G0/S
615,luis@gmail.com,45:00.9,FALSE,$2b$13$e.UpewnPoVvoBoUqtZDvTelwrWiRbE1Q5eHP.HqZ76q3swQG0G0/S
616,luis@gmail.com,45:00.9,FALSE,$2b$13$e.UpewnPoVvoBoUqtZDvTelwrWiRbE1Q5eHP.HqZ76q3swQG0G0/S
617,luis@gmail.com,45:00.9,FALSE,$2b$13$e.UpewnPoVvoBoUqtZDvTelwrWiRbE1Q5eHP.HqZ76q3swQG0G0/S
618,luis@gmail.com,45:00.9,FALSE,$2b$13$e.UpewnPoVvoBoUqtZDvTelwrWiRbE1Q5eHP.HqZ76q3swQG0G0/S
619,luis@gmail.com,45:00.9,FALSE,$2b$13$e.UpewnPoVvoBoUqtZDvTelwrWiRbE1Q5eHP.HqZ76q3swQG0G0/S
620,luis@gmail.com,45:00.9,FALSE,$2b$13$e.UpewnPoVvoBoUqtZDvTelwrWiRbE1Q5eHP.HqZ76q3swQG0G0/S
621,luis@gmail.com,45:00.9,FALSE,$2b$13$e.UpewnPoVvoBoUqtZDvTelwrWiRbE1Q5eHP.HqZ76q3swQG0G0/S
622,luis@gmail.com,45:00.9,FALSE,$2b$13$e.UpewnPoVvoBoUqtZDvTelwrWiRbE1Q5eHP.HqZ76q3swQG0G0/S
623,luis@gmail.com,45:00.9,FALSE,$2b$13$e.UpewnPoVvoBoUqtZDvTelwrWiRbE1Q5eHP.HqZ76q3swQG0G0/S
624,luis@gmail.com,45:00.9,FALSE,$2b$13$e.UpewnPoVvoBoUqtZDvTelwrWiRbE1Q5eHP.HqZ76q3swQG0G0/S
625,luis@gmail.com,45:00.9,FALSE,$2b$13$e.UpewnPoVvoBoUqtZDvTelwrWiRbE1Q5eHP.HqZ76q3swQG0G0/S
626,luis@gmail.com,45:00.9,FALSE,$2b$13$e.UpewnPoVvoBoUqtZDvTelwrWiRbE1Q5eHP.HqZ76q3swQG0G0/S
627,luis@gmail.com,45:00.9,FALSE,$2b$13$e.UpewnPoVvoBoUqtZDvTelwrWiRbE1Q5eHP.HqZ76q3swQG0G0/S
628,luis@gmail.com,45:00.9,FALSE,$2b$13$e.UpewnPoVvoBoUqtZDvTelwrWiRbE1Q5eHP.HqZ76q3swQG0G0/S
629,luis@gmail.com,45:00.9,FALSE,$2b$13$e.UpewnPoVvoBoUqtZDvTelwrWiRbE1Q5eHP.HqZ76q3swQG0G0/S
630,luis@gmail.com,45:00.9,FALSE,$2b$13$e.UpewnPoVvoBoUqtZDvTelwrWiRbE1Q5eHP.HqZ76q3swQG0G0/S
631,luis@gmail.com,45:00.9,FALSE,$2b$13$e.UpewnPoVvoBoUqtZDvTelwrWiRbE1Q5eHP.HqZ76q3swQG0G0/S
632,luis@gmail.com,45:00.9,FALSE,$2b$13$e.UpewnPoVvoBoUqtZDvTelwrWiRbE1Q5eHP.HqZ76q3swQG0G0/S
633,luis@gmail.com,45:00.9,FALSE,$2b$13$e.UpewnPoVvoBoUqtZDvTelwrWiRbE1Q5eHP.HqZ76q3swQG0G0/S
634,luis@gmail.com,45:00.9,FALSE,$2b$13$e.UpewnPoVvoBoUqtZDvTelwrWiRbE1Q5eHP.HqZ76q3swQG0G0/S
635,luis@gmail.com,45:00.9,FALSE,$2b$13$e.UpewnPoVvoBoUqtZDvTelwrWiRbE1Q5eHP.HqZ76q3swQG0G0/S
636,luis@gmail.com,45:00.9,FALSE,$2b$13$e.UpewnPoVvoBoUqtZDvTelwrWiRbE1Q5eHP.HqZ76q3swQG0G0/S
637,luis@gmail.com,45:00.9,FALSE,$2b$13$e.UpewnPoVvoBoUqtZDvTelwrWiRbE1Q5eHP.HqZ76q3swQG0G0/S
638,luis@gmail.com,45:00.9,FALSE,$2b$13$e.UpewnPoVvoBoUqtZDvTelwrWiRbE1Q5eHP.HqZ76q3swQG0G0/S
639,luis@gmail.com,45:00.9,FALSE,$2b$13$e.UpewnPoVvoBoUqtZDvTelwrWiRbE1Q5eHP.HqZ76q3swQG0G0/S
640,luis@gmail.com,45:00.9,FALSE,$2b$13$e.UpewnPoVvoBoUqtZDvTelwrWiRbE1Q5eHP.HqZ76q3swQG0G0/S
641,luis@gmail.com,45:00.9,FALSE,$2b$13$e.UpewnPoVvoBoUqtZDvTelwrWiRbE1Q5eHP.HqZ76q3swQG0G0/S
642,luis@gmail.com,45:00.9,FALSE,$2b$13$e.UpewnPoVvoBoUqtZDvTelwrWiRbE1Q5eHP.HqZ76q3swQG0G0/S
643,luis@gmail.com,45:00.9,FALSE,$2b$13$e.UpewnPoVvoBoUqtZDvTelwrWiRbE1Q5eHP.HqZ76q3swQG0G0/S
644,luis@gmail.com,45:00.9,FALSE,$2b$13$e.UpewnPoVvoBoUqtZDvTelwrWiRbE1Q5eHP.HqZ76q3swQG0G0/S
645,luis@gmail.com,45:00.9,FALSE,$2b$13$e.UpewnPoVvoBoUqtZDvTelwrWiRbE1Q5eHP.HqZ76q3swQG0G0/S
646,luis@gmail.com,45:00.9,FALSE,$2b$13$e.UpewnPoVvoBoUqtZDvTelwrWiRbE1Q5eHP.HqZ76q3swQG0G0/S
647,luis@gmail.com,45:00.9,FALSE,$2b$13$e.UpewnPoVvoBoUqtZDvTelwrWiRbE1Q5eHP.HqZ76q3swQG0G0/S
648,luis@gmail.com,45:00.9,FALSE,$2b$13$e.UpewnPoVvoBoUqtZDvTelwrWiRbE1Q5eHP.HqZ76q3swQG0G0/S
649,luis@gmail.com,45:00.9,FALSE,$2b$13$e.UpewnPoVvoBoUqtZDvTelwrWiRbE1Q5eHP.HqZ76q3swQG0G0/S
650,luis@gmail.com,45:00.9,FALSE,$2b$13$e.UpewnPoVvoBoUqtZDvTelwrWiRbE1Q5eHP.HqZ76q3swQG0G0/S
651,luis@gmail.com,45:00.9,FALSE,$2b$13$e.UpewnPoVvoBoUqtZDvTelwrWiRbE1Q5eHP.HqZ76q3swQG0G0/S
652,luis@gmail.com,45:00.9,FALSE,$2b$13$e.UpewnPoVvoBoUqtZDvTelwrWiRbE1Q5eHP.HqZ76q3swQG0G0/S
653,luis@gmail.com,45:00.9,FALSE,$2b$13$e.UpewnPoVvoBoUqtZDvTelwrWiRbE1Q5eHP.HqZ76q3swQG0G0/S
654,luis@gmail.com,45:00.9,FALSE,$2b$13$e.UpewnPoVvoBoUqtZDvTelwrWiRbE1Q5eHP.HqZ76q3swQG0G0/S
655,luis@gmail.com,45:00.9,FALSE,$2b$13$e.UpewnPoVvoBoUqtZDvTelwrWiRbE1Q5eHP.HqZ76q3swQG0G0/S
656,luis@gmail.com,45:00.9,FALSE,$2b$13$e.UpewnPoVvoBoUqtZDvTelwrWiRbE1Q5eHP.HqZ76q3swQG0G0/S
657,luis@gmail.com,45:00.9,FALSE,$2b$13$e.UpewnPoVvoBoUqtZDvTelwrWiRbE1Q5eHP.HqZ76q3swQG0G0/S
658,luis@gmail.com,45:00.9,FALSE,$2b$13$e.UpewnPoVvoBoUqtZDvTelwrWiRbE1Q5eHP.HqZ76q3swQG0G0/S
659,luis@gmail.com,45:00.9,FALSE,$2b$13$e.UpewnPoVvoBoUqtZDvTelwrWiRbE1Q5eHP.HqZ76q3swQG0G0/S
660,luis@gmail.com,45:00.9,FALSE,$2b$13$e.UpewnPoVvoBoUqtZDvTelwrWiRbE1Q5eHP.HqZ76q3swQG0G0/S
661,luis@gmail.com,45:00.9,FALSE,$2b$13$e.UpewnPoVvoBoUqtZDvTelwrWiRbE1Q5eHP.HqZ76q3swQG0G0/S
662,luis@gmail.com,45:00.9,FALSE,$2b$13$e.UpewnPoVvoBoUqtZDvTelwrWiRbE1Q5eHP.HqZ76q3swQG0G0/S
663,luis@gmail.com,45:00.9,FALSE,$2b$13$e.UpewnPoVvoBoUqtZDvTelwrWiRbE1Q5eHP.HqZ76q3swQG0G0/S
664,luis@gmail.com,45:00.9,FALSE,$2b$13$e.UpewnPoVvoBoUqtZDvTelwrWiRbE1Q5eHP.HqZ76q3swQG0G0/S
665,luis@gmail.com,45:00.9,FALSE,$2b$13$e.UpewnPoVvoBoUqtZDvTelwrWiRbE1Q5eHP.HqZ76q3swQG0G0/S
666,luis@gmail.com,45:00.9,FALSE,$2b$13$e.UpewnPoVvoBoUqtZDvTelwrWiRbE1Q5eHP.HqZ76q3swQG0G0/S
667,luis@gmail.com,45:00.9,FALSE,$2b$13$e.UpewnPoVvoBoUqtZDvTelwrWiRbE1Q5eHP.HqZ76q3swQG0G0/S
668,luis@gmail.com,45:00.9,FALSE,$2b$13$e.UpewnPoVvoBoUqtZDvTelwrWiRbE1Q5eHP.HqZ76q3swQG0G0/S
669,luis@gmail.com,45:00.9,FALSE,$2b$13$e.UpewnPoVvoBoUqtZDvTelwrWiRbE1Q5eHP.HqZ76q3swQG0G0/S
670,luis@gmail.com,45:00.9,FALSE,$2b$13$e.UpewnPoVvoBoUqtZDvTelwrWiRbE1Q5eHP.HqZ76q3swQG0G0/S
671,luis@gmail.com,45:00.9,FALSE,$2b$13$e.UpewnPoVvoBoUqtZDvTelwrWiRbE1Q5eHP.HqZ76q3swQG0G0/S
672,luis@gmail.com,45:00.9,FALSE,$2b$13$e.UpewnPoVvoBoUqtZDvTelwrWiRbE1Q5eHP.HqZ76q3swQG0G0/S
673,luis@gmail.com,45:00.9,FALSE,$2b$13$e.UpewnPoVvoBoUqtZDvTelwrWiRbE1Q5eHP.HqZ76q3swQG0G0/S
674,luis@gmail.com,45:00.9,FALSE,$2b$13$e.UpewnPoVvoBoUqtZDvTelwrWiRbE1Q5eHP.HqZ76q3swQG0G0/S
675,luis@gmail.com,45:00.9,FALSE,$2b$13$e.UpewnPoVvoBoUqtZDvTelwrWiRbE1Q5eHP.HqZ76q3swQG0G0/S
676,luis@gmail.com,45:00.9,FALSE,$2b$13$e.UpewnPoVvoBoUqtZDvTelwrWiRbE1Q5eHP.HqZ76q3swQG0G0/S
677,luis@gmail.com,45:00.9,FALSE,$2b$13$e.UpewnPoVvoBoUqtZDvTelwrWiRbE1Q5eHP.HqZ76q3swQG0G0/S
678,luis@gmail.com,45:00.9,FALSE,$2b$13$e.UpewnPoVvoBoUqtZDvTelwrWiRbE1Q5eHP.HqZ76q3swQG0G0/S
679,luis@gmail.com,45:00.9,FALSE,$2b$13$e.UpewnPoVvoBoUqtZDvTelwrWiRbE1Q5eHP.HqZ76q3swQG0G0/S
680,luis@gmail.com,45:00.9,FALSE,$2b$13$e.UpewnPoVvoBoUqtZDvTelwrWiRbE1Q5eHP.HqZ76q3swQG0G0/S
681,luis@gmail.com,45:00.9,FALSE,$2b$13$e.UpewnPoVvoBoUqtZDvTelwrWiRbE1Q5eHP.HqZ76q3swQG0G0/S
682,luis@gmail.com,45:00.9,FALSE,$2b$13$e.UpewnPoVvoBoUqtZDvTelwrWiRbE1Q5eHP.HqZ76q3swQG0G0/S
683,luis@gmail.com,45:00.9,FALSE,$2b$13$e.UpewnPoVvoBoUqtZDvTelwrWiRbE1Q5eHP.HqZ76q3swQG0G0/S
684,luis@gmail.com,45:00.9,FALSE,$2b$13$e.UpewnPoVvoBoUqtZDvTelwrWiRbE1Q5eHP.HqZ76q3swQG0G0/S
685,luis@gmail.com,45:00.9,FALSE,$2b$13$e.UpewnPoVvoBoUqtZDvTelwrWiRbE1Q5eHP.HqZ76q3swQG0G0/S
686,luis@gmail.com,45:00.9,FALSE,$2b$13$e.UpewnPoVvoBoUqtZDvTelwrWiRbE1Q5eHP.HqZ76q3swQG0G0/S
687,luis@gmail.com,45:00.9,FALSE,$2b$13$e.UpewnPoVvoBoUqtZDvTelwrWiRbE1Q5eHP.HqZ76q3swQG0G0/S
688,luis@gmail.com,45:00.9,FALSE,$2b$13$e.UpewnPoVvoBoUqtZDvTelwrWiRbE1Q5eHP.HqZ76q3swQG0G0/S
689,luis@gmail.com,45:00.9,FALSE,$2b$13$e.UpewnPoVvoBoUqtZDvTelwrWiRbE1Q5eHP.HqZ76q3swQG0G0/S
690,luis@gmail.com,45:00.9,FALSE,$2b$13$e.UpewnPoVvoBoUqtZDvTelwrWiRbE1Q5eHP.HqZ76q3swQG0G0/S
691,luis@gmail.com,45:00.9,FALSE,$2b$13$e.UpewnPoVvoBoUqtZDvTelwrWiRbE1Q5eHP.HqZ76q3swQG0G0/S
692,luis@gmail.com,45:00.9,FALSE,$2b$13$e.UpewnPoVvoBoUqtZDvTelwrWiRbE1Q5eHP.HqZ76q3swQG0G0/S
693,luis@gmail.com,45:00.9,FALSE,$2b$13$e.UpewnPoVvoBoUqtZDvTelwrWiRbE1Q5eHP.HqZ76q3swQG0G0/S
694,luis@gmail.com,45:00.9,FALSE,$2b$13$e.UpewnPoVvoBoUqtZDvTelwrWiRbE1Q5eHP.HqZ76q3swQG0G0/S
695,luis@gmail.com,45:00.9,FALSE,$2b$13$e.UpewnPoVvoBoUqtZDvTelwrWiRbE1Q5eHP.HqZ76q3swQG0G0/S
696,luis@gmail.com,45:00.9,FALSE,$2b$13$e.UpewnPoVvoBoUqtZDvTelwrWiRbE1Q5eHP.HqZ76q3swQG0G0/S
697,luis@gmail.com,45:00.9,FALSE,$2b$13$e.UpewnPoVvoBoUqtZDvTelwrWiRbE1Q5eHP.HqZ76q3swQG0G0/S
698,luis@gmail.com,45:00.9,FALSE,$2b$13$e.UpewnPoVvoBoUqtZDvTelwrWiRbE1Q5eHP.HqZ76q3swQG0G0/S
699,luis@gmail.com,45:00.9,FALSE,$2b$13$e.UpewnPoVvoBoUqtZDvTelwrWiRbE1Q5eHP.HqZ76q3swQG0G0/S
700,luis@gmail.com,45:00.9,FALSE,$2b$13$e.UpewnPoVvoBoUqtZDvTelwrWiRbE1Q5eHP.HqZ76q3swQG0G0/S
701,luis@gmail.com,45:00.9,FALSE,$2b$13$e.UpewnPoVvoBoUqtZDvTelwrWiRbE1Q5eHP.HqZ76q3swQG0G0/S
702,luis@gmail.com,45:00.9,FALSE,$2b$13$e.UpewnPoVvoBoUqtZDvTelwrWiRbE1Q5eHP.HqZ76q3swQG0G0/S
703,luis@gmail.com,45:00.9,FALSE,$2b$13$e.UpewnPoVvoBoUqtZDvTelwrWiRbE1Q5eHP.HqZ76q3swQG0G0/S
704,luis@gmail.com,45:00.9,FALSE,$2b$13$e.UpewnPoVvoBoUqtZDvTelwrWiRbE1Q5eHP.HqZ76q3swQG0G0/S
705,luis@gmail.com,45:00.9,FALSE,$2b$13$e.UpewnPoVvoBoUqtZDvTelwrWiRbE1Q5eHP.HqZ76q3swQG0G0/S
706,luis@gmail.com,45:00.9,FALSE,$2b$13$e.UpewnPoVvoBoUqtZDvTelwrWiRbE1Q5eHP.HqZ76q3swQG0G0/S
707,luis@gmail.com,45:00.9,FALSE,$2b$13$e.UpewnPoVvoBoUqtZDvTelwrWiRbE1Q5eHP.HqZ76q3swQG0G0/S
708,luis@gmail.com,45:00.9,FALSE,$2b$13$e.UpewnPoVvoBoUqtZDvTelwrWiRbE1Q5eHP.HqZ76q3swQG0G0/S
709,luis@gmail.com,45:00.9,FALSE,$2b$13$e.UpewnPoVvoBoUqtZDvTelwrWiRbE1Q5eHP.HqZ76q3swQG0G0/S
710,luis@gmail.com,45:00.9,FALSE,$2b$13$e.UpewnPoVvoBoUqtZDvTelwrWiRbE1Q5eHP.HqZ76q3swQG0G0/S
711,luis@gmail.com,45:00.9,FALSE,$2b$13$e.UpewnPoVvoBoUqtZDvTelwrWiRbE1Q5eHP.HqZ76q3swQG0G0/S
712,luis@gmail.com,45:00.9,FALSE,$2b$13$e.UpewnPoVvoBoUqtZDvTelwrWiRbE1Q5eHP.HqZ76q3swQG0G0/S
713,luis@gmail.com,45:00.9,FALSE,$2b$13$e.UpewnPoVvoBoUqtZDvTelwrWiRbE1Q5eHP.HqZ76q3swQG0G0/S
714,luis@gmail.com,45:00.9,FALSE,$2b$13$e.UpewnPoVvoBoUqtZDvTelwrWiRbE1Q5eHP.HqZ76q3swQG0G0/S
715,luis@gmail.com,45:00.9,FALSE,$2b$13$e.UpewnPoVvoBoUqtZDvTelwrWiRbE1Q5eHP.HqZ76q3swQG0G0/S
716,luis@gmail.com,45:00.9,FALSE,$2b$13$e.UpewnPoVvoBoUqtZDvTelwrWiRbE1Q5eHP.HqZ76q3swQG0G0/S
717,luis@gmail.com,45:00.9,FALSE,$2b$13$e.UpewnPoVvoBoUqtZDvTelwrWiRbE1Q5eHP.HqZ76q3swQG0G0/S
718,luis@gmail.com,45:00.9,FALSE,$2b$13$e.UpewnPoVvoBoUqtZDvTelwrWiRbE1Q5eHP.HqZ76q3swQG0G0/S
719,luis@gmail.com,45:00.9,FALSE,$2b$13$e.UpewnPoVvoBoUqtZDvTelwrWiRbE1Q5eHP.HqZ76q3swQG0G0/S
720,luis@gmail.com,45:00.9,FALSE,$2b$13$e.UpewnPoVvoBoUqtZDvTelwrWiRbE1Q5eHP.HqZ76q3swQG0G0/S
721,luis@gmail.com,45:00.9,FALSE,$2b$13$e.UpewnPoVvoBoUqtZDvTelwrWiRbE1Q5eHP.HqZ76q3swQG0G0/S
722,luis@gmail.com,45:00.9,FALSE,$2b$13$e.UpewnPoVvoBoUqtZDvTelwrWiRbE1Q5eHP.HqZ76q3swQG0G0/S
723,luis@gmail.com,45:00.9,FALSE,$2b$13$e.UpewnPoVvoBoUqtZDvTelwrWiRbE1Q5eHP.HqZ76q3swQG0G0/S
724,luis@gmail.com,45:00.9,FALSE,$2b$13$e.UpewnPoVvoBoUqtZDvTelwrWiRbE1Q5eHP.HqZ76q3swQG0G0/S
725,luis@gmail.com,45:00.9,FALSE,$2b$13$e.UpewnPoVvoBoUqtZDvTelwrWiRbE1Q5eHP.HqZ76q3swQG0G0/S
726,luis@gmail.com,45:00.9,FALSE,$2b$13$e.UpewnPoVvoBoUqtZDvTelwrWiRbE1Q5eHP.HqZ76q3swQG0G0/S
727,luis@gmail.com,45:00.9,FALSE,$2b$13$e.UpewnPoVvoBoUqtZDvTelwrWiRbE1Q5eHP.HqZ76q3swQG0G0/S
728,luis@gmail.com,45:00.9,FALSE,$2b$13$e.UpewnPoVvoBoUqtZDvTelwrWiRbE1Q5eHP.HqZ76q3swQG0G0/S
729,luis@gmail.com,45:00.9,FALSE,$2b$13$e.UpewnPoVvoBoUqtZDvTelwrWiRbE1Q5eHP.HqZ76q3swQG0G0/S
730,luis@gmail.com,45:00.9,FALSE,$2b$13$e.UpewnPoVvoBoUqtZDvTelwrWiRbE1Q5eHP.HqZ76q3swQG0G0/S
731,luis@gmail.com,45:00.9,FALSE,$2b$13$e.UpewnPoVvoBoUqtZDvTelwrWiRbE1Q5eHP.HqZ76q3swQG0G0/S
732,luis@gmail.com,45:00.9,FALSE,$2b$13$e.UpewnPoVvoBoUqtZDvTelwrWiRbE1Q5eHP.HqZ76q3swQG0G0/S
733,luis@gmail.com,45:00.9,FALSE,$2b$13$e.UpewnPoVvoBoUqtZDvTelwrWiRbE1Q5eHP.HqZ76q3swQG0G0/S
734,luis@gmail.com,45:00.9,FALSE,$2b$13$e.UpewnPoVvoBoUqtZDvTelwrWiRbE1Q5eHP.HqZ76q3swQG0G0/S
735,luis@gmail.com,45:00.9,FALSE,$2b$13$e.UpewnPoVvoBoUqtZDvTelwrWiRbE1Q5eHP.HqZ76q3swQG0G0/S
736,luis@gmail.com,45:00.9,FALSE,$2b$13$e.UpewnPoVvoBoUqtZDvTelwrWiRbE1Q5eHP.HqZ76q3swQG0G0/S
737,luis@gmail.com,45:00.9,FALSE,$2b$13$e.UpewnPoVvoBoUqtZDvTelwrWiRbE1Q5eHP.HqZ76q3swQG0G0/S
738,luis@gmail.com,45:00.9,FALSE,$2b$13$e.UpewnPoVvoBoUqtZDvTelwrWiRbE1Q5eHP.HqZ76q3swQG0G0/S
739,luis@gmail.com,45:00.9,FALSE,$2b$13$e.UpewnPoVvoBoUqtZDvTelwrWiRbE1Q5eHP.HqZ76q3swQG0G0/S
740,luis@gmail.com,45:00.9,FALSE,$2b$13$e.UpewnPoVvoBoUqtZDvTelwrWiRbE1Q5eHP.HqZ76q3swQG0G0/S
741,luis@gmail.com,45:00.9,FALSE,$2b$13$e.UpewnPoVvoBoUqtZDvTelwrWiRbE1Q5eHP.HqZ76q3swQG0G0/S
742,luis@gmail.com,45:00.9,FALSE,$2b$13$e.UpewnPoVvoBoUqtZDvTelwrWiRbE1Q5eHP.HqZ76q3swQG0G0/S
743,luis@gmail.com,45:00.9,FALSE,$2b$13$e.UpewnPoVvoBoUqtZDvTelwrWiRbE1Q5eHP.HqZ76q3swQG0G0/S
744,luis@gmail.com,45:00.9,FALSE,$2b$13$e.UpewnPoVvoBoUqtZDvTelwrWiRbE1Q5eHP.HqZ76q3swQG0G0/S
745,luis@gmail.com,45:00.9,FALSE,$2b$13$e.UpewnPoVvoBoUqtZDvTelwrWiRbE1Q5eHP.HqZ76q3swQG0G0/S
746,luis@gmail.com,45:00.9,FALSE,$2b$13$e.UpewnPoVvoBoUqtZDvTelwrWiRbE1Q5eHP.HqZ76q3swQG0G0/S
747,luis@gmail.com,45:00.9,FALSE,$2b$13$e.UpewnPoVvoBoUqtZDvTelwrWiRbE1Q5eHP.HqZ76q3swQG0G0/S
748,luis@gmail.com,45:00.9,FALSE,$2b$13$e.UpewnPoVvoBoUqtZDvTelwrWiRbE1Q5eHP.HqZ76q3swQG0G0/S
749,luis@gmail.com,45:00.9,FALSE,$2b$13$e.UpewnPoVvoBoUqtZDvTelwrWiRbE1Q5eHP.HqZ76q3swQG0G0/S
750,luis@gmail.com,45:00.9,FALSE,$2b$13$e.UpewnPoVvoBoUqtZDvTelwrWiRbE1Q5eHP.HqZ76q3swQG0G0/S
751,luis@gmail.com,45:00.9,FALSE,$2b$13$e.UpewnPoVvoBoUqtZDvTelwrWiRbE1Q5eHP.HqZ76q3swQG0G0/S
752,luis@gmail.com,45:00.9,FALSE,$2b$13$e.UpewnPoVvoBoUqtZDvTelwrWiRbE1Q5eHP.HqZ76q3swQG0G0/S
753,luis@gmail.com,45:00.9,FALSE,$2b$13$e.UpewnPoVvoBoUqtZDvTelwrWiRbE1Q5eHP.HqZ76q3swQG0G0/S
754,luis@gmail.com,45:00.9,FALSE,$2b$13$e.UpewnPoVvoBoUqtZDvTelwrWiRbE1Q5eHP.HqZ76q3swQG0G0/S
755,luis@gmail.com,45:00.9,FALSE,$2b$13$e.UpewnPoVvoBoUqtZDvTelwrWiRbE1Q5eHP.HqZ76q3swQG0G0/S
756,luis@gmail.com,45:00.9,FALSE,$2b$13$e.UpewnPoVvoBoUqtZDvTelwrWiRbE1Q5eHP.HqZ76q3swQG0G0/S
757,luis@gmail.com,45:00.9,FALSE,$2b$13$e.UpewnPoVvoBoUqtZDvTelwrWiRbE1Q5eHP.HqZ76q3swQG0G0/S
758,luis@gmail.com,45:00.9,FALSE,$2b$13$e.UpewnPoVvoBoUqtZDvTelwrWiRbE1Q5eHP.HqZ76q3swQG0G0/S
759,luis@gmail.com,45:00.9,FALSE,$2b$13$e.UpewnPoVvoBoUqtZDvTelwrWiRbE1Q5eHP.HqZ76q3swQG0G0/S
760,luis@gmail.com,45:00.9,FALSE,$2b$13$e.UpewnPoVvoBoUqtZDvTelwrWiRbE1Q5eHP.HqZ76q3swQG0G0/S
761,luis@gmail.com,45:00.9,FALSE,$2b$13$e.UpewnPoVvoBoUqtZDvTelwrWiRbE1Q5eHP.HqZ76q3swQG0G0/S
762,luis@gmail.com,45:00.9,FALSE,$2b$13$e.UpewnPoVvoBoUqtZDvTelwrWiRbE1Q5eHP.HqZ76q3swQG0G0/S
763,luis@gmail.com,45:00.9,FALSE,$2b$13$e.UpewnPoVvoBoUqtZDvTelwrWiRbE1Q5eHP.HqZ76q3swQG0G0/S
764,luis@gmail.com,45:00.9,FALSE,$2b$13$e.UpewnPoVvoBoUqtZDvTelwrWiRbE1Q5eHP.HqZ76q3swQG0G0/S
765,luis@gmail.com,45:00.9,FALSE,$2b$13$e.UpewnPoVvoBoUqtZDvTelwrWiRbE1Q5eHP.HqZ76q3swQG0G0/S
766,luis@gmail.com,45:00.9,FALSE,$2b$13$e.UpewnPoVvoBoUqtZDvTelwrWiRbE1Q5eHP.HqZ76q3swQG0G0/S
767,luis@gmail.com,45:00.9,FALSE,$2b$13$e.UpewnPoVvoBoUqtZDvTelwrWiRbE1Q5eHP.HqZ76q3swQG0G0/S
768,luis@gmail.com,45:00.9,FALSE,$2b$13$e.UpewnPoVvoBoUqtZDvTelwrWiRbE1Q5eHP.HqZ76q3swQG0G0/S
769,luis@gmail.com,45:00.9,FALSE,$2b$13$e.UpewnPoVvoBoUqtZDvTelwrWiRbE1Q5eHP.HqZ76q3swQG0G0/S
770,luis@gmail.com,45:00.9,FALSE,$2b$13$e.UpewnPoVvoBoUqtZDvTelwrWiRbE1Q5eHP.HqZ76q3swQG0G0/S
771,luis@gmail.com,45:00.9,FALSE,$2b$13$e.UpewnPoVvoBoUqtZDvTelwrWiRbE1Q5eHP.HqZ76q3swQG0G0/S
772,luis@gmail.com,45:00.9,FALSE,$2b$13$e.UpewnPoVvoBoUqtZDvTelwrWiRbE1Q5eHP.HqZ76q3swQG0G0/S
773,luis@gmail.com,45:00.9,FALSE,$2b$13$e.UpewnPoVvoBoUqtZDvTelwrWiRbE1Q5eHP.HqZ76q3swQG0G0/S
774,luis@gmail.com,45:00.9,FALSE,$2b$13$e.UpewnPoVvoBoUqtZDvTelwrWiRbE1Q5eHP.HqZ76q3swQG0G0/S
775,luis@gmail.com,45:00.9,FALSE,$2b$13$e.UpewnPoVvoBoUqtZDvTelwrWiRbE1Q5eHP.HqZ76q3swQG0G0/S
776,luis@gmail.com,45:00.9,FALSE,$2b$13$e.UpewnPoVvoBoUqtZDvTelwrWiRbE1Q5eHP.HqZ76q3swQG0G0/S
777,luis@gmail.com,45:00.9,FALSE,$2b$13$e.UpewnPoVvoBoUqtZDvTelwrWiRbE1Q5eHP.HqZ76q3swQG0G0/S
778,luis@gmail.com,45:00.9,FALSE,$2b$13$e.UpewnPoVvoBoUqtZDvTelwrWiRbE1Q5eHP.HqZ76q3swQG0G0/S
779,luis@gmail.com,45:00.9,FALSE,$2b$13$e.UpewnPoVvoBoUqtZDvTelwrWiRbE1Q5eHP.HqZ76q3swQG0G0/S
780,luis@gmail.com,45:00.9,FALSE,$2b$13$e.UpewnPoVvoBoUqtZDvTelwrWiRbE1Q5eHP.HqZ76q3swQG0G0/S
781,luis@gmail.com,45:00.9,FALSE,$2b$13$e.UpewnPoVvoBoUqtZDvTelwrWiRbE1Q5eHP.HqZ76q3swQG0G0/S
782,luis@gmail.com,45:00.9,FALSE,$2b$13$e.UpewnPoVvoBoUqtZDvTelwrWiRbE1Q5eHP.HqZ76q3swQG0G0/S
783,luis@gmail.com,45:00.9,FALSE,$2b$13$e.UpewnPoVvoBoUqtZDvTelwrWiRbE1Q5eHP.HqZ76q3swQG0G0/S
784,luis@gmail.com,45:00.9,FALSE,$2b$13$e.UpewnPoVvoBoUqtZDvTelwrWiRbE1Q5eHP.HqZ76q3swQG0G0/S
785,luis@gmail.com,45:00.9,FALSE,$2b$13$e.UpewnPoVvoBoUqtZDvTelwrWiRbE1Q5eHP.HqZ76q3swQG0G0/S
786,luis@gmail.com,45:00.9,FALSE,$2b$13$e.UpewnPoVvoBoUqtZDvTelwrWiRbE1Q5eHP.HqZ76q3swQG0G0/S
787,luis@gmail.com,45:00.9,FALSE,$2b$13$e.UpewnPoVvoBoUqtZDvTelwrWiRbE1Q5eHP.HqZ76q3swQG0G0/S
788,luis@gmail.com,45:00.9,FALSE,$2b$13$e.UpewnPoVvoBoUqtZDvTelwrWiRbE1Q5eHP.HqZ76q3swQG0G0/S
789,luis@gmail.com,45:00.9,FALSE,$2b$13$e.UpewnPoVvoBoUqtZDvTelwrWiRbE1Q5eHP.HqZ76q3swQG0G0/S
790,luis@gmail.com,45:00.9,FALSE,$2b$13$e.UpewnPoVvoBoUqtZDvTelwrWiRbE1Q5eHP.HqZ76q3swQG0G0/S
791,luis@gmail.com,45:00.9,FALSE,$2b$13$e.UpewnPoVvoBoUqtZDvTelwrWiRbE1Q5eHP.HqZ76q3swQG0G0/S
792,luis@gmail.com,45:00.9,FALSE,$2b$13$e.UpewnPoVvoBoUqtZDvTelwrWiRbE1Q5eHP.HqZ76q3swQG0G0/S
793,luis@gmail.com,45:00.9,FALSE,$2b$13$e.UpewnPoVvoBoUqtZDvTelwrWiRbE1Q5eHP.HqZ76q3swQG0G0/S
794,luis@gmail.com,45:00.9,FALSE,$2b$13$e.UpewnPoVvoBoUqtZDvTelwrWiRbE1Q5eHP.HqZ76q3swQG0G0/S
795,luis@gmail.com,45:00.9,FALSE,$2b$13$e.UpewnPoVvoBoUqtZDvTelwrWiRbE1Q5eHP.HqZ76q3swQG0G0/S
796,luis@gmail.com,45:00.9,FALSE,$2b$13$e.UpewnPoVvoBoUqtZDvTelwrWiRbE1Q5eHP.HqZ76q3swQG0G0/S
797,luis@gmail.com,45:00.9,FALSE,$2b$13$e.UpewnPoVvoBoUqtZDvTelwrWiRbE1Q5eHP.HqZ76q3swQG0G0/S
798,luis@gmail.com,45:00.9,FALSE,$2b$13$e.UpewnPoVvoBoUqtZDvTelwrWiRbE1Q5eHP.HqZ76q3swQG0G0/S
799,luis@gmail.com,45:00.9,FALSE,$2b$13$e.UpewnPoVvoBoUqtZDvTelwrWiRbE1Q5eHP.HqZ76q3swQG0G0/S
800,luis@gmail.com,45:00.9,FALSE,$2b$13$e.UpewnPoVvoBoUqtZDvTelwrWiRbE1Q5eHP.HqZ76q3swQG0G0/S
801,luis@gmail.com,45:00.9,FALSE,$2b$13$e.UpewnPoVvoBoUqtZDvTelwrWiRbE1Q5eHP.HqZ76q3swQG0G0/S
802,luis@gmail.com,45:00.9,FALSE,$2b$13$e.UpewnPoVvoBoUqtZDvTelwrWiRbE1Q5eHP.HqZ76q3swQG0G0/S
803,luis@gmail.com,45:00.9,FALSE,$2b$13$e.UpewnPoVvoBoUqtZDvTelwrWiRbE1Q5eHP.HqZ76q3swQG0G0/S
804,luis@gmail.com,45:00.9,FALSE,$2b$13$e.UpewnPoVvoBoUqtZDvTelwrWiRbE1Q5eHP.HqZ76q3swQG0G0/S
805,luis@gmail.com,45:00.9,FALSE,$2b$13$e.UpewnPoVvoBoUqtZDvTelwrWiRbE1Q5eHP.HqZ76q3swQG0G0/S
806,luis@gmail.com,45:00.9,FALSE,$2b$13$e.UpewnPoVvoBoUqtZDvTelwrWiRbE1Q5eHP.HqZ76q3swQG0G0/S
807,luis@gmail.com,45:00.9,FALSE,$2b$13$e.UpewnPoVvoBoUqtZDvTelwrWiRbE1Q5eHP.HqZ76q3swQG0G0/S
808,luis@gmail.com,45:00.9,FALSE,$2b$13$e.UpewnPoVvoBoUqtZDvTelwrWiRbE1Q5eHP.HqZ76q3swQG0G0/S
809,luis@gmail.com,45:00.9,FALSE,$2b$13$e.UpewnPoVvoBoUqtZDvTelwrWiRbE1Q5eHP.HqZ76q3swQG0G0/S
810,luis@gmail.com,45:00.9,FALSE,$2b$13$e.UpewnPoVvoBoUqtZDvTelwrWiRbE1Q5eHP.HqZ76q3swQG0G0/S
811,luis@gmail.com,45:00.9,FALSE,$2b$13$e.UpewnPoVvoBoUqtZDvTelwrWiRbE1Q5eHP.HqZ76q3swQG0G0/S
812,luis@gmail.com,45:00.9,FALSE,$2b$13$e.UpewnPoVvoBoUqtZDvTelwrWiRbE1Q5eHP.HqZ76q3swQG0G0/S
813,luis@gmail.com,45:00.9,FALSE,$2b$13$e.UpewnPoVvoBoUqtZDvTelwrWiRbE1Q5eHP.HqZ76q3swQG0G0/S
814,luis@gmail.com,45:00.9,FALSE,$2b$13$e.UpewnPoVvoBoUqtZDvTelwrWiRbE1Q5eHP.HqZ76q3swQG0G0/S
815,luis@gmail.com,45:00.9,FALSE,$2b$13$e.UpewnPoVvoBoUqtZDvTelwrWiRbE1Q5eHP.HqZ76q3swQG0G0/S
816,luis@gmail.com,45:00.9,FALSE,$2b$13$e.UpewnPoVvoBoUqtZDvTelwrWiRbE1Q5eHP.HqZ76q3swQG0G0/S
817,luis@gmail.com,45:00.9,FALSE,$2b$13$e.UpewnPoVvoBoUqtZDvTelwrWiRbE1Q5eHP.HqZ76q3swQG0G0/S
818,luis@gmail.com,45:00.9,FALSE,$2b$13$e.UpewnPoVvoBoUqtZDvTelwrWiRbE1Q5eHP.HqZ76q3swQG0G0/S
819,luis@gmail.com,45:00.9,FALSE,$2b$13$e.UpewnPoVvoBoUqtZDvTelwrWiRbE1Q5eHP.HqZ76q3swQG0G0/S
820,luis@gmail.com,45:00.9,FALSE,$2b$13$e.UpewnPoVvoBoUqtZDvTelwrWiRbE1Q5eHP.HqZ76q3swQG0G0/S
821,luis@gmail.com,45:00.9,FALSE,$2b$13$e.UpewnPoVvoBoUqtZDvTelwrWiRbE1Q5eHP.HqZ76q3swQG0G0/S
822,luis@gmail.com,45:00.9,FALSE,$2b$13$e.UpewnPoVvoBoUqtZDvTelwrWiRbE1Q5eHP.HqZ76q3swQG0G0/S
823,luis@gmail.com,45:00.9,FALSE,$2b$13$e.UpewnPoVvoBoUqtZDvTelwrWiRbE1Q5eHP.HqZ76q3swQG0G0/S
824,luis@gmail.com,45:00.9,FALSE,$2b$13$e.UpewnPoVvoBoUqtZDvTelwrWiRbE1Q5eHP.HqZ76q3swQG0G0/S
825,luis@gmail.com,45:00.9,FALSE,$2b$13$e.UpewnPoVvoBoUqtZDvTelwrWiRbE1Q5eHP.HqZ76q3swQG0G0/S
826,luis@gmail.com,45:00.9,FALSE,$2b$13$e.UpewnPoVvoBoUqtZDvTelwrWiRbE1Q5eHP.HqZ76q3swQG0G0/S
827,luis@gmail.com,45:00.9,FALSE,$2b$13$e.UpewnPoVvoBoUqtZDvTelwrWiRbE1Q5eHP.HqZ76q3swQG0G0/S
828,luis@gmail.com,45:00.9,FALSE,$2b$13$e.UpewnPoVvoBoUqtZDvTelwrWiRbE1Q5eHP.HqZ76q3swQG0G0/S
829,luis@gmail.com,45:00.9,FALSE,$2b$13$e.UpewnPoVvoBoUqtZDvTelwrWiRbE1Q5eHP.HqZ76q3swQG0G0/S
830,luis@gmail.com,45:00.9,FALSE,$2b$13$e.UpewnPoVvoBoUqtZDvTelwrWiRbE1Q5eHP.HqZ76q3swQG0G0/S
831,luis@gmail.com,45:00.9,FALSE,$2b$13$e.UpewnPoVvoBoUqtZDvTelwrWiRbE1Q5eHP.HqZ76q3swQG0G0/S
832,luis@gmail.com,45:00.9,FALSE,$2b$13$e.UpewnPoVvoBoUqtZDvTelwrWiRbE1Q5eHP.HqZ76q3swQG0G0/S
833,luis@gmail.com,45:00.9,FALSE,$2b$13$e.UpewnPoVvoBoUqtZDvTelwrWiRbE1Q5eHP.HqZ76q3swQG0G0/S
834,luis@gmail.com,45:00.9,FALSE,$2b$13$e.UpewnPoVvoBoUqtZDvTelwrWiRbE1Q5eHP.HqZ76q3swQG0G0/S
835,luis@gmail.com,45:00.9,FALSE,$2b$13$e.UpewnPoVvoBoUqtZDvTelwrWiRbE1Q5eHP.HqZ76q3swQG0G0/S
836,luis@gmail.com,45:00.9,FALSE,$2b$13$e.UpewnPoVvoBoUqtZDvTelwrWiRbE1Q5eHP.HqZ76q3swQG0G0/S
837,luis@gmail.com,45:00.9,FALSE,$2b$13$e.UpewnPoVvoBoUqtZDvTelwrWiRbE1Q5eHP.HqZ76q3swQG0G0/S
838,luis@gmail.com,45:00.9,FALSE,$2b$13$e.UpewnPoVvoBoUqtZDvTelwrWiRbE1Q5eHP.HqZ76q3swQG0G0/S
839,luis@gmail.com,45:00.9,FALSE,$2b$13$e.UpewnPoVvoBoUqtZDvTelwrWiRbE1Q5eHP.HqZ76q3swQG0G0/S
840,luis@gmail.com,45:00.9,FALSE,$2b$13$e.UpewnPoVvoBoUqtZDvTelwrWiRbE1Q5eHP.HqZ76q3swQG0G0/S
841,luis@gmail.com,45:00.9,FALSE,$2b$13$e.UpewnPoVvoBoUqtZDvTelwrWiRbE1Q5eHP.HqZ76q3swQG0G0/S
842,luis@gmail.com,45:00.9,FALSE,$2b$13$e.UpewnPoVvoBoUqtZDvTelwrWiRbE1Q5eHP.HqZ76q3swQG0G0/S
843,luis@gmail.com,45:00.9,FALSE,$2b$13$e.UpewnPoVvoBoUqtZDvTelwrWiRbE1Q5eHP.HqZ76q3swQG0G0/S
844,luis@gmail.com,45:00.9,FALSE,$2b$13$e.UpewnPoVvoBoUqtZDvTelwrWiRbE1Q5eHP.HqZ76q3swQG0G0/S
845,luis@gmail.com,45:00.9,FALSE,$2b$13$e.UpewnPoVvoBoUqtZDvTelwrWiRbE1Q5eHP.HqZ76q3swQG0G0/S
846,luis@gmail.com,45:00.9,FALSE,$2b$13$e.UpewnPoVvoBoUqtZDvTelwrWiRbE1Q5eHP.HqZ76q3swQG0G0/S
847,luis@gmail.com,45:00.9,FALSE,$2b$13$e.UpewnPoVvoBoUqtZDvTelwrWiRbE1Q5eHP.HqZ76q3swQG0G0/S
848,luis@gmail.com,45:00.9,FALSE,$2b$13$e.UpewnPoVvoBoUqtZDvTelwrWiRbE1Q5eHP.HqZ76q3swQG0G0/S
849,luis@gmail.com,45:00.9,FALSE,$2b$13$e.UpewnPoVvoBoUqtZDvTelwrWiRbE1Q5eHP.HqZ76q3swQG0G0/S
850,luis@gmail.com,45:00.9,FALSE,$2b$13$e.UpewnPoVvoBoUqtZDvTelwrWiRbE1Q5eHP.HqZ76q3swQG0G0/S
851,luis@gmail.com,45:00.9,FALSE,$2b$13$e.UpewnPoVvoBoUqtZDvTelwrWiRbE1Q5eHP.HqZ76q3swQG0G0/S
852,luis@gmail.com,45:00.9,FALSE,$2b$13$e.UpewnPoVvoBoUqtZDvTelwrWiRbE1Q5eHP.HqZ76q3swQG0G0/S
853,luis@gmail.com,45:00.9,FALSE,$2b$13$e.UpewnPoVvoBoUqtZDvTelwrWiRbE1Q5eHP.HqZ76q3swQG0G0/S
854,luis@gmail.com,45:00.9,FALSE,$2b$13$e.UpewnPoVvoBoUqtZDvTelwrWiRbE1Q5eHP.HqZ76q3swQG0G0/S
855,luis@gmail.com,45:00.9,FALSE,$2b$13$e.UpewnPoVvoBoUqtZDvTelwrWiRbE1Q5eHP.HqZ76q3swQG0G0/S
856,luis@gmail.com,45:00.9,FALSE,$2b$13$e.UpewnPoVvoBoUqtZDvTelwrWiRbE1Q5eHP.HqZ76q3swQG0G0/S
857,luis@gmail.com,45:00.9,FALSE,$2b$13$e.UpewnPoVvoBoUqtZDvTelwrWiRbE1Q5eHP.HqZ76q3swQG0G0/S
858,luis@gmail.com,45:00.9,FALSE,$2b$13$e.UpewnPoVvoBoUqtZDvTelwrWiRbE1Q5eHP.HqZ76q3swQG0G0/S
859,luis@gmail.com,45:00.9,FALSE,$2b$13$e.UpewnPoVvoBoUqtZDvTelwrWiRbE1Q5eHP.HqZ76q3swQG0G0/S
860,luis@gmail.com,45:00.9,FALSE,$2b$13$e.UpewnPoVvoBoUqtZDvTelwrWiRbE1Q5eHP.HqZ76q3swQG0G0/S
861,luis@gmail.com,45:00.9,FALSE,$2b$13$e.UpewnPoVvoBoUqtZDvTelwrWiRbE1Q5eHP.HqZ76q3swQG0G0/S
862,luis@gmail.com,45:00.9,FALSE,$2b$13$e.UpewnPoVvoBoUqtZDvTelwrWiRbE1Q5eHP.HqZ76q3swQG0G0/S
863,luis@gmail.com,45:00.9,FALSE,$2b$13$e.UpewnPoVvoBoUqtZDvTelwrWiRbE1Q5eHP.HqZ76q3swQG0G0/S
864,luis@gmail.com,45:00.9,FALSE,$2b$13$e.UpewnPoVvoBoUqtZDvTelwrWiRbE1Q5eHP.HqZ76q3swQG0G0/S
865,luis@gmail.com,45:00.9,FALSE,$2b$13$e.UpewnPoVvoBoUqtZDvTelwrWiRbE1Q5eHP.HqZ76q3swQG0G0/S
866,luis@gmail.com,45:00.9,FALSE,$2b$13$e.UpewnPoVvoBoUqtZDvTelwrWiRbE1Q5eHP.HqZ76q3swQG0G0/S
867,luis@gmail.com,45:00.9,FALSE,$2b$13$e.UpewnPoVvoBoUqtZDvTelwrWiRbE1Q5eHP.HqZ76q3swQG0G0/S
868,luis@gmail.com,45:00.9,FALSE,$2b$13$e.UpewnPoVvoBoUqtZDvTelwrWiRbE1Q5eHP.HqZ76q3swQG0G0/S
869,luis@gmail.com,45:00.9,FALSE,$2b$13$e.UpewnPoVvoBoUqtZDvTelwrWiRbE1Q5eHP.HqZ76q3swQG0G0/S
870,luis@gmail.com,45:00.9,FALSE,$2b$13$e.UpewnPoVvoBoUqtZDvTelwrWiRbE1Q5eHP.HqZ76q3swQG0G0/S
871,luis@gmail.com,45:00.9,FALSE,$2b$13$e.UpewnPoVvoBoUqtZDvTelwrWiRbE1Q5eHP.HqZ76q3swQG0G0/S
872,luis@gmail.com,45:00.9,FALSE,$2b$13$e.UpewnPoVvoBoUqtZDvTelwrWiRbE1Q5eHP.HqZ76q3swQG0G0/S
873,luis@gmail.com,45:00.9,FALSE,$2b$13$e.UpewnPoVvoBoUqtZDvTelwrWiRbE1Q5eHP.HqZ76q3swQG0G0/S
874,luis@gmail.com,45:00.9,FALSE,$2b$13$e.UpewnPoVvoBoUqtZDvTelwrWiRbE1Q5eHP.HqZ76q3swQG0G0/S
875,luis@gmail.com,45:00.9,FALSE,$2b$13$e.UpewnPoVvoBoUqtZDvTelwrWiRbE1Q5eHP.HqZ76q3swQG0G0/S
876,luis@gmail.com,45:00.9,FALSE,$2b$13$e.UpewnPoVvoBoUqtZDvTelwrWiRbE1Q5eHP.HqZ76q3swQG0G0/S
877,luis@gmail.com,45:00.9,FALSE,$2b$13$e.UpewnPoVvoBoUqtZDvTelwrWiRbE1Q5eHP.HqZ76q3swQG0G0/S
878,luis@gmail.com,45:00.9,FALSE,$2b$13$e.UpewnPoVvoBoUqtZDvTelwrWiRbE1Q5eHP.HqZ76q3swQG0G0/S
879,luis@gmail.com,45:00.9,FALSE,$2b$13$e.UpewnPoVvoBoUqtZDvTelwrWiRbE1Q5eHP.HqZ76q3swQG0G0/S
880,luis@gmail.com,45:00.9,FALSE,$2b$13$e.UpewnPoVvoBoUqtZDvTelwrWiRbE1Q5eHP.HqZ76q3swQG0G0/S
881,luis@gmail.com,45:00.9,FALSE,$2b$13$e.UpewnPoVvoBoUqtZDvTelwrWiRbE1Q5eHP.HqZ76q3swQG0G0/S
882,luis@gmail.com,45:00.9,FALSE,$2b$13$e.UpewnPoVvoBoUqtZDvTelwrWiRbE1Q5eHP.HqZ76q3swQG0G0/S
883,luis@gmail.com,45:00.9,FALSE,$2b$13$e.UpewnPoVvoBoUqtZDvTelwrWiRbE1Q5eHP.HqZ76q3swQG0G0/S
884,luis@gmail.com,45:00.9,FALSE,$2b$13$e.UpewnPoVvoBoUqtZDvTelwrWiRbE1Q5eHP.HqZ76q3swQG0G0/S
885,luis@gmail.com,45:00.9,FALSE,$2b$13$e.UpewnPoVvoBoUqtZDvTelwrWiRbE1Q5eHP.HqZ76q3swQG0G0/S
886,luis@gmail.com,45:00.9,FALSE,$2b$13$e.UpewnPoVvoBoUqtZDvTelwrWiRbE1Q5eHP.HqZ76q3swQG0G0/S
887,luis@gmail.com,45:00.9,FALSE,$2b$13$e.UpewnPoVvoBoUqtZDvTelwrWiRbE1Q5eHP.HqZ76q3swQG0G0/S
888,luis@gmail.com,45:00.9,FALSE,$2b$13$e.UpewnPoVvoBoUqtZDvTelwrWiRbE1Q5eHP.HqZ76q3swQG0G0/S
889,luis@gmail.com,45:00.9,FALSE,$2b$13$e.UpewnPoVvoBoUqtZDvTelwrWiRbE1Q5eHP.HqZ76q3swQG0G0/S
890,luis@gmail.com,45:00.9,FALSE,$2b$13$e.UpewnPoVvoBoUqtZDvTelwrWiRbE1Q5eHP.HqZ76q3swQG0G0/S
891,luis@gmail.com,45:00.9,FALSE,$2b$13$e.UpewnPoVvoBoUqtZDvTelwrWiRbE1Q5eHP.HqZ76q3swQG0G0/S
892,luis@gmail.com,45:00.9,FALSE,$2b$13$e.UpewnPoVvoBoUqtZDvTelwrWiRbE1Q5eHP.HqZ76q3swQG0G0/S
893,luis@gmail.com,45:00.9,FALSE,$2b$13$e.UpewnPoVvoBoUqtZDvTelwrWiRbE1Q5eHP.HqZ76q3swQG0G0/S
894,luis@gmail.com,45:00.9,FALSE,$2b$13$e.UpewnPoVvoBoUqtZDvTelwrWiRbE1Q5eHP.HqZ76q3swQG0G0/S
895,luis@gmail.com,45:00.9,FALSE,$2b$13$e.UpewnPoVvoBoUqtZDvTelwrWiRbE1Q5eHP.HqZ76q3swQG0G0/S
896,luis@gmail.com,45:00.9,FALSE,$2b$13$e.UpewnPoVvoBoUqtZDvTelwrWiRbE1Q5eHP.HqZ76q3swQG0G0/S
897,luis@gmail.com,45:00.9,FALSE,$2b$13$e.UpewnPoVvoBoUqtZDvTelwrWiRbE1Q5eHP.HqZ76q3swQG0G0/S
898,luis@gmail.com,45:00.9,FALSE,$2b$13$e.UpewnPoVvoBoUqtZDvTelwrWiRbE1Q5eHP.HqZ76q3swQG0G0/S
899,luis@gmail.com,45:00.9,FALSE,$2b$13$e.UpewnPoVvoBoUqtZDvTelwrWiRbE1Q5eHP.HqZ76q3swQG0G0/S
900,luis@gmail.com,45:00.9,FALSE,$2b$13$e.UpewnPoVvoBoUqtZDvTelwrWiRbE1Q5eHP.HqZ76q3swQG0G0/S
901,luis@gmail.com,45:00.9,FALSE,$2b$13$e.UpewnPoVvoBoUqtZDvTelwrWiRbE1Q5eHP.HqZ76q3swQG0G0/S
902,luis@gmail.com,45:00.9,FALSE,$2b$13$e.UpewnPoVvoBoUqtZDvTelwrWiRbE1Q5eHP.HqZ76q3swQG0G0/S
903,luis@gmail.com,45:00.9,FALSE,$2b$13$e.UpewnPoVvoBoUqtZDvTelwrWiRbE1Q5eHP.HqZ76q3swQG0G0/S
904,luis@gmail.com,45:00.9,FALSE,$2b$13$e.UpewnPoVvoBoUqtZDvTelwrWiRbE1Q5eHP.HqZ76q3swQG0G0/S
905,luis@gmail.com,45:00.9,FALSE,$2b$13$e.UpewnPoVvoBoUqtZDvTelwrWiRbE1Q5eHP.HqZ76q3swQG0G0/S
906,luis@gmail.com,45:00.9,FALSE,$2b$13$e.UpewnPoVvoBoUqtZDvTelwrWiRbE1Q5eHP.HqZ76q3swQG0G0/S
907,luis@gmail.com,45:00.9,FALSE,$2b$13$e.UpewnPoVvoBoUqtZDvTelwrWiRbE1Q5eHP.HqZ76q3swQG0G0/S
908,luis@gmail.com,45:00.9,FALSE,$2b$13$e.UpewnPoVvoBoUqtZDvTelwrWiRbE1Q5eHP.HqZ76q3swQG0G0/S
909,luis@gmail.com,45:00.9,FALSE,$2b$13$e.UpewnPoVvoBoUqtZDvTelwrWiRbE1Q5eHP.HqZ76q3swQG0G0/S
910,luis@gmail.com,45:00.9,FALSE,$2b$13$e.UpewnPoVvoBoUqtZDvTelwrWiRbE1Q5eHP.HqZ76q3swQG0G0/S
911,luis@gmail.com,45:00.9,FALSE,$2b$13$e.UpewnPoVvoBoUqtZDvTelwrWiRbE1Q5eHP.HqZ76q3swQG0G0/S
912,luis@gmail.com,45:00.9,FALSE,$2b$13$e.UpewnPoVvoBoUqtZDvTelwrWiRbE1Q5eHP.HqZ76q3swQG0G0/S
913,luis@gmail.com,45:00.9,FALSE,$2b$13$e.UpewnPoVvoBoUqtZDvTelwrWiRbE1Q5eHP.HqZ76q3swQG0G0/S
914,luis@gmail.com,45:00.9,FALSE,$2b$13$e.UpewnPoVvoBoUqtZDvTelwrWiRbE1Q5eHP.HqZ76q3swQG0G0/S
915,luis@gmail.com,45:00.9,FALSE,$2b$13$e.UpewnPoVvoBoUqtZDvTelwrWiRbE1Q5eHP.HqZ76q3swQG0G0/S
916,luis@gmail.com,45:00.9,FALSE,$2b$13$e.UpewnPoVvoBoUqtZDvTelwrWiRbE1Q5eHP.HqZ76q3swQG0G0/S
917,luis@gmail.com,45:00.9,FALSE,$2b$13$e.UpewnPoVvoBoUqtZDvTelwrWiRbE1Q5eHP.HqZ76q3swQG0G0/S
918,luis@gmail.com,45:00.9,FALSE,$2b$13$e.UpewnPoVvoBoUqtZDvTelwrWiRbE1Q5eHP.HqZ76q3swQG0G0/S
919,luis@gmail.com,45:00.9,FALSE,$2b$13$e.UpewnPoVvoBoUqtZDvTelwrWiRbE1Q5eHP.HqZ76q3swQG0G0/S
920,luis@gmail.com,45:00.9,FALSE,$2b$13$e.UpewnPoVvoBoUqtZDvTelwrWiRbE1Q5eHP.HqZ76q3swQG0G0/S
921,luis@gmail.com,45:00.9,FALSE,$2b$13$e.UpewnPoVvoBoUqtZDvTelwrWiRbE1Q5eHP.HqZ76q3swQG0G0/S
922,luis@gmail.com,45:00.9,FALSE,$2b$13$e.UpewnPoVvoBoUqtZDvTelwrWiRbE1Q5eHP.HqZ76q3swQG0G0/S
923,luis@gmail.com,45:00.9,FALSE,$2b$13$e.UpewnPoVvoBoUqtZDvTelwrWiRbE1Q5eHP.HqZ76q3swQG0G0/S
924,luis@gmail.com,45:00.9,FALSE,$2b$13$e.UpewnPoVvoBoUqtZDvTelwrWiRbE1Q5eHP.HqZ76q3swQG0G0/S
925,luis@gmail.com,45:00.9,FALSE,$2b$13$e.UpewnPoVvoBoUqtZDvTelwrWiRbE1Q5eHP.HqZ76q3swQG0G0/S
926,luis@gmail.com,45:00.9,FALSE,$2b$13$e.UpewnPoVvoBoUqtZDvTelwrWiRbE1Q5eHP.HqZ76q3swQG0G0/S
927,luis@gmail.com,45:00.9,FALSE,$2b$13$e.UpewnPoVvoBoUqtZDvTelwrWiRbE1Q5eHP.HqZ76q3swQG0G0/S
928,luis@gmail.com,45:00.9,FALSE,$2b$13$e.UpewnPoVvoBoUqtZDvTelwrWiRbE1Q5eHP.HqZ76q3swQG0G0/S
929,luis@gmail.com,45:00.9,FALSE,$2b$13$e.UpewnPoVvoBoUqtZDvTelwrWiRbE1Q5eHP.HqZ76q3swQG0G0/S
930,luis@gmail.com,45:00.9,FALSE,$2b$13$e.UpewnPoVvoBoUqtZDvTelwrWiRbE1Q5eHP.HqZ76q3swQG0G0/S
931,luis@gmail.com,45:00.9,FALSE,$2b$13$e.UpewnPoVvoBoUqtZDvTelwrWiRbE1Q5eHP.HqZ76q3swQG0G0/S
932,luis@gmail.com,45:00.9,FALSE,$2b$13$e.UpewnPoVvoBoUqtZDvTelwrWiRbE1Q5eHP.HqZ76q3swQG0G0/S
933,luis@gmail.com,45:00.9,FALSE,$2b$13$e.UpewnPoVvoBoUqtZDvTelwrWiRbE1Q5eHP.HqZ76q3swQG0G0/S
934,luis@gmail.com,45:00.9,FALSE,$2b$13$e.UpewnPoVvoBoUqtZDvTelwrWiRbE1Q5eHP.HqZ76q3swQG0G0/S
935,luis@gmail.com,45:00.9,FALSE,$2b$13$e.UpewnPoVvoBoUqtZDvTelwrWiRbE1Q5eHP.HqZ76q3swQG0G0/S
936,luis@gmail.com,45:00.9,FALSE,$2b$13$e.UpewnPoVvoBoUqtZDvTelwrWiRbE1Q5eHP.HqZ76q3swQG0G0/S
937,luis@gmail.com,45:00.9,FALSE,$2b$13$e.UpewnPoVvoBoUqtZDvTelwrWiRbE1Q5eHP.HqZ76q3swQG0G0/S
938,luis@gmail.com,45:00.9,FALSE,$2b$13$e.UpewnPoVvoBoUqtZDvTelwrWiRbE1Q5eHP.HqZ76q3swQG0G0/S
939,luis@gmail.com,45:00.9,FALSE,$2b$13$e.UpewnPoVvoBoUqtZDvTelwrWiRbE1Q5eHP.HqZ76q3swQG0G0/S
940,luis@gmail.com,45:00.9,FALSE,$2b$13$e.UpewnPoVvoBoUqtZDvTelwrWiRbE1Q5eHP.HqZ76q3swQG0G0/S
941,luis@gmail.com,45:00.9,FALSE,$2b$13$e.UpewnPoVvoBoUqtZDvTelwrWiRbE1Q5eHP.HqZ76q3swQG0G0/S
942,luis@gmail.com,45:00.9,FALSE,$2b$13$e.UpewnPoVvoBoUqtZDvTelwrWiRbE1Q5eHP.HqZ76q3swQG0G0/S
943,luis@gmail.com,45:00.9,FALSE,$2b$13$e.UpewnPoVvoBoUqtZDvTelwrWiRbE1Q5eHP.HqZ76q3swQG0G0/S
944,luis@gmail.com,45:00.9,FALSE,$2b$13$e.UpewnPoVvoBoUqtZDvTelwrWiRbE1Q5eHP.HqZ76q3swQG0G0/S
945,luis@gmail.com,45:00.9,FALSE,$2b$13$e.UpewnPoVvoBoUqtZDvTelwrWiRbE1Q5eHP.HqZ76q3swQG0G0/S
946,luis@gmail.com,45:00.9,FALSE,$2b$13$e.UpewnPoVvoBoUqtZDvTelwrWiRbE1Q5eHP.HqZ76q3swQG0G0/S
947,luis@gmail.com,45:00.9,FALSE,$2b$13$e.UpewnPoVvoBoUqtZDvTelwrWiRbE1Q5eHP.HqZ76q3swQG0G0/S
948,luis@gmail.com,45:00.9,FALSE,$2b$13$e.UpewnPoVvoBoUqtZDvTelwrWiRbE1Q5eHP.HqZ76q3swQG0G0/S
949,luis@gmail.com,45:00.9,FALSE,$2b$13$e.UpewnPoVvoBoUqtZDvTelwrWiRbE1Q5eHP.HqZ76q3swQG0G0/S
950,luis@gmail.com,45:00.9,FALSE,$2b$13$e.UpewnPoVvoBoUqtZDvTelwrWiRbE1Q5eHP.HqZ76q3swQG0G0/S
951,luis@gmail.com,45:00.9,FALSE,$2b$13$e.UpewnPoVvoBoUqtZDvTelwrWiRbE1Q5eHP.HqZ76q3swQG0G0/S
952,luis@gmail.com,45:00.9,FALSE,$2b$13$e.UpewnPoVvoBoUqtZDvTelwrWiRbE1Q5eHP.HqZ76q3swQG0G0/S
953,luis@gmail.com,45:00.9,FALSE,$2b$13$e.UpewnPoVvoBoUqtZDvTelwrWiRbE1Q5eHP.HqZ76q3swQG0G0/S
954,luis@gmail.com,45:00.9,FALSE,$2b$13$e.UpewnPoVvoBoUqtZDvTelwrWiRbE1Q5eHP.HqZ76q3swQG0G0/S
955,luis@gmail.com,45:00.9,FALSE,$2b$13$e.UpewnPoVvoBoUqtZDvTelwrWiRbE1Q5eHP.HqZ76q3swQG0G0/S
956,luis@gmail.com,45:00.9,FALSE,$2b$13$e.UpewnPoVvoBoUqtZDvTelwrWiRbE1Q5eHP.HqZ76q3swQG0G0/S
957,luis@gmail.com,45:00.9,FALSE,$2b$13$e.UpewnPoVvoBoUqtZDvTelwrWiRbE1Q5eHP.HqZ76q3swQG0G0/S
958,luis@gmail.com,45:00.9,FALSE,$2b$13$e.UpewnPoVvoBoUqtZDvTelwrWiRbE1Q5eHP.HqZ76q3swQG0G0/S
959,luis@gmail.com,45:00.9,FALSE,$2b$13$e.UpewnPoVvoBoUqtZDvTelwrWiRbE1Q5eHP.HqZ76q3swQG0G0/S
960,luis@gmail.com,45:00.9,FALSE,$2b$13$e.UpewnPoVvoBoUqtZDvTelwrWiRbE1Q5eHP.HqZ76q3swQG0G0/S
961,luis@gmail.com,45:00.9,FALSE,$2b$13$e.UpewnPoVvoBoUqtZDvTelwrWiRbE1Q5eHP.HqZ76q3swQG0G0/S
962,luis@gmail.com,45:00.9,FALSE,$2b$13$e.UpewnPoVvoBoUqtZDvTelwrWiRbE1Q5eHP.HqZ76q3swQG0G0/S
963,luis@gmail.com,45:00.9,FALSE,$2b$13$e.UpewnPoVvoBoUqtZDvTelwrWiRbE1Q5eHP.HqZ76q3swQG0G0/S
964,luis@gmail.com,45:00.9,FALSE,$2b$13$e.UpewnPoVvoBoUqtZDvTelwrWiRbE1Q5eHP.HqZ76q3swQG0G0/S
965,luis@gmail.com,45:00.9,FALSE,$2b$13$e.UpewnPoVvoBoUqtZDvTelwrWiRbE1Q5eHP.HqZ76q3swQG0G0/S
966,luis@gmail.com,45:00.9,FALSE,$2b$13$e.UpewnPoVvoBoUqtZDvTelwrWiRbE1Q5eHP.HqZ76q3swQG0G0/S
967,luis@gmail.com,45:00.9,FALSE,$2b$13$e.UpewnPoVvoBoUqtZDvTelwrWiRbE1Q5eHP.HqZ76q3swQG0G0/S
968,luis@gmail.com,45:00.9,FALSE,$2b$13$e.UpewnPoVvoBoUqtZDvTelwrWiRbE1Q5eHP.HqZ76q3swQG0G0/S
969,luis@gmail.com,45:00.9,FALSE,$2b$13$e.UpewnPoVvoBoUqtZDvTelwrWiRbE1Q5eHP.HqZ76q3swQG0G0/S
970,luis@gmail.com,45:00.9,FALSE,$2b$13$e.UpewnPoVvoBoUqtZDvTelwrWiRbE1Q5eHP.HqZ76q3swQG0G0/S
971,luis@gmail.com,45:00.9,FALSE,$2b$13$e.UpewnPoVvoBoUqtZDvTelwrWiRbE1Q5eHP.HqZ76q3swQG0G0/S
972,luis@gmail.com,45:00.9,FALSE,$2b$13$e.UpewnPoVvoBoUqtZDvTelwrWiRbE1Q5eHP.HqZ76q3swQG0G0/S
973,luis@gmail.com,45:00.9,FALSE,$2b$13$e.UpewnPoVvoBoUqtZDvTelwrWiRbE1Q5eHP.HqZ76q3swQG0G0/S
974,luis@gmail.com,45:00.9,FALSE,$2b$13$e.UpewnPoVvoBoUqtZDvTelwrWiRbE1Q5eHP.HqZ76q3swQG0G0/S
975,luis@gmail.com,45:00.9,FALSE,$2b$13$e.UpewnPoVvoBoUqtZDvTelwrWiRbE1Q5eHP.HqZ76q3swQG0G0/S
976,luis@gmail.com,45:00.9,FALSE,$2b$13$e.UpewnPoVvoBoUqtZDvTelwrWiRbE1Q5eHP.HqZ76q3swQG0G0/S
977,luis@gmail.com,45:00.9,FALSE,$2b$13$e.UpewnPoVvoBoUqtZDvTelwrWiRbE1Q5eHP.HqZ76q3swQG0G0/S
978,luis@gmail.com,45:00.9,FALSE,$2b$13$e.UpewnPoVvoBoUqtZDvTelwrWiRbE1Q5eHP.HqZ76q3swQG0G0/S
979,luis@gmail.com,45:00.9,FALSE,$2b$13$e.UpewnPoVvoBoUqtZDvTelwrWiRbE1Q5eHP.HqZ76q3swQG0G0/S
980,luis@gmail.com,45:00.9,FALSE,$2b$13$e.UpewnPoVvoBoUqtZDvTelwrWiRbE1Q5eHP.HqZ76q3swQG0G0/S
981,luis@gmail.com,45:00.9,FALSE,$2b$13$e.UpewnPoVvoBoUqtZDvTelwrWiRbE1Q5eHP.HqZ76q3swQG0G0/S
982,luis@gmail.com,45:00.9,FALSE,$2b$13$e.UpewnPoVvoBoUqtZDvTelwrWiRbE1Q5eHP.HqZ76q3swQG0G0/S
983,luis@gmail.com,45:00.9,FALSE,$2b$13$e.UpewnPoVvoBoUqtZDvTelwrWiRbE1Q5eHP.HqZ76q3swQG0G0/S
984,luis@gmail.com,45:00.9,FALSE,$2b$13$e.UpewnPoVvoBoUqtZDvTelwrWiRbE1Q5eHP.HqZ76q3swQG0G0/S
985,luis@gmail.com,45:00.9,FALSE,$2b$13$e.UpewnPoVvoBoUqtZDvTelwrWiRbE1Q5eHP.HqZ76q3swQG0G0/S
986,luis@gmail.com,45:00.9,FALSE,$2b$13$e.UpewnPoVvoBoUqtZDvTelwrWiRbE1Q5eHP.HqZ76q3swQG0G0/S
987,luis@gmail.com,45:00.9,FALSE,$2b$13$e.UpewnPoVvoBoUqtZDvTelwrWiRbE1Q5eHP.HqZ76q3swQG0G0/S
988,luis@gmail.com,45:00.9,FALSE,$2b$13$e.UpewnPoVvoBoUqtZDvTelwrWiRbE1Q5eHP.HqZ76q3swQG0G0/S
989,luis@gmail.com,45:00.9,FALSE,$2b$13$e.UpewnPoVvoBoUqtZDvTelwrWiRbE1Q5eHP.HqZ76q3swQG0G0/S
990,luis@gmail.com,45:00.9,FALSE,$2b$13$e.UpewnPoVvoBoUqtZDvTelwrWiRbE1Q5eHP.HqZ76q3swQG0G0/S
991,luis@gmail.com,45:00.9,FALSE,$2b$13$e.UpewnPoVvoBoUqtZDvTelwrWiRbE1Q5eHP.HqZ76q3swQG0G0/S
992,luis@gmail.com,45:00.9,FALSE,$2b$13$e.UpewnPoVvoBoUqtZDvTelwrWiRbE1Q5eHP.HqZ76q3swQG0G0/S
993,luis@gmail.com,45:00.9,FALSE,$2b$13$e.UpewnPoVvoBoUqtZDvTelwrWiRbE1Q5eHP.HqZ76q3swQG0G0/S
994,luis@gmail.com,45:00.9,FALSE,$2b$13$e.UpewnPoVvoBoUqtZDvTelwrWiRbE1Q5eHP.HqZ76q3swQG0G0/S
995,luis@gmail.com,45:00.9,FALSE,$2b$13$e.UpewnPoVvoBoUqtZDvTelwrWiRbE1Q5eHP.HqZ76q3swQG0G0/S
996,luis@gmail.com,45:00.9,FALSE,$2b$13$e.UpewnPoVvoBoUqtZDvTelwrWiRbE1Q5eHP.HqZ76q3swQG0G0/S
997,luis@gmail.com,45:00.9,FALSE,$2b$13$e.UpewnPoVvoBoUqtZDvTelwrWiRbE1Q5eHP.HqZ76q3swQG0G0/S
998,luis@gmail.com,45:00.9,FALSE,$2b$13$e.UpewnPoVvoBoUqtZDvTelwrWiRbE1Q5eHP.HqZ76q3swQG0G0/S
999,luis@gmail.com,45:00.9,FALSE,$2b$13$e.UpewnPoVvoBoUqtZDvTelwrWiRbE1Q5eHP.HqZ76q3swQG0G0/S
1000,luis@gmail.com,45:00.9,FALSE,$2b$13$e.UpewnPoVvoBoUqtZDvTelwrWiRbE1Q5eHP.HqZ76q3swQG0G0/S
1001,luis@gmail.com,45:00.9,FALSE,$2b$13$e.UpewnPoVvoBoUqtZDvTelwrWiRbE1Q5eHP.HqZ76q3swQG0G0/S
1002,luis@gmail.com,45:00.9,FALSE,$2b$13$e.UpewnPoVvoBoUqtZDvTelwrWiRbE1Q5eHP.HqZ76q3swQG0G0/S
1003,luis@gmail.com,45:00.9,FALSE,$2b$13$e.UpewnPoVvoBoUqtZDvTelwrWiRbE1Q5eHP.HqZ76q3swQG0G0/S
1004,luis@gmail.com,45:00.9,FALSE,$2b$13$e.UpewnPoVvoBoUqtZDvTelwrWiRbE1Q5eHP.HqZ76q3swQG0G0/S
1005,luis@gmail.com,45:00.9,FALSE,$2b$13$e.UpewnPoVvoBoUqtZDvTelwrWiRbE1Q5eHP.HqZ76q3swQG0G0/S
1006,luis@gmail.com,45:00.9,FALSE,$2b$13$e.UpewnPoVvoBoUqtZDvTelwrWiRbE1Q5eHP.HqZ76q3swQG0G0/S
1007,luis@gmail.com,45:00.9,FALSE,$2b$13$e.UpewnPoVvoBoUqtZDvTelwrWiRbE1Q5eHP.HqZ76q3swQG0G0/S
1008,luis@gmail.com,45:00.9,FALSE,$2b$13$e.UpewnPoVvoBoUqtZDvTelwrWiRbE1Q5eHP.HqZ76q3swQG0G0/S
1009,luis@gmail.com,45:00.9,FALSE,$2b$13$e.UpewnPoVvoBoUqtZDvTelwrWiRbE1Q5eHP.HqZ76q3swQG0G0/S
1010,luis@gmail.com,45:00.9,FALSE,$2b$13$e.UpewnPoVvoBoUqtZDvTelwrWiRbE1Q5eHP.HqZ76q3swQG0G0/S
1011,luis@gmail.com,45:00.9,FALSE,$2b$13$e.UpewnPoVvoBoUqtZDvTelwrWiRbE1Q5eHP.HqZ76q3swQG0G0/S
1012,luis@gmail.com,45:00.9,FALSE,$2b$13$e.UpewnPoVvoBoUqtZDvTelwrWiRbE1Q5eHP.HqZ76q3swQG0G0/S
1013,luis@gmail.com,45:00.9,FALSE,$2b$13$e.UpewnPoVvoBoUqtZDvTelwrWiRbE1Q5eHP.HqZ76q3swQG0G0/S
1014,luis@gmail.com,45:00.9,FALSE,$2b$13$e.UpewnPoVvoBoUqtZDvTelwrWiRbE1Q5eHP.HqZ76q3swQG0G0/S
1015,luis@gmail.com,45:00.9,FALSE,$2b$13$e.UpewnPoVvoBoUqtZDvTelwrWiRbE1Q5eHP.HqZ76q3swQG0G0/S
1016,luis@gmail.com,45:00.9,FALSE,$2b$13$e.UpewnPoVvoBoUqtZDvTelwrWiRbE1Q5eHP.HqZ76q3swQG0G0/S
1017,luis@gmail.com,45:00.9,FALSE,$2b$13$e.UpewnPoVvoBoUqtZDvTelwrWiRbE1Q5eHP.HqZ76q3swQG0G0/S
1018,luis@gmail.com,45:00.9,FALSE,$2b$13$e.UpewnPoVvoBoUqtZDvTelwrWiRbE1Q5eHP.HqZ76q3swQG0G0/S
1019,luis@gmail.com,45:00.9,FALSE,$2b$13$e.UpewnPoVvoBoUqtZDvTelwrWiRbE1Q5eHP.HqZ76q3swQG0G0/S
1020,luis@gmail.com,45:00.9,FALSE,$2b$13$e.UpewnPoVvoBoUqtZDvTelwrWiRbE1Q5eHP.HqZ76q3swQG0G0/S
1021,luis@gmail.com,45:00.9,FALSE,$2b$13$e.UpewnPoVvoBoUqtZDvTelwrWiRbE1Q5eHP.HqZ76q3swQG0G0/S
1022,luis@gmail.com,45:00.9,FALSE,$2b$13$e.UpewnPoVvoBoUqtZDvTelwrWiRbE1Q5eHP.HqZ76q3swQG0G0/S
1023,luis@gmail.com,45:00.9,FALSE,$2b$13$e.UpewnPoVvoBoUqtZDvTelwrWiRbE1Q5eHP.HqZ76q3swQG0G0/S
1024,luis@gmail.com,45:00.9,FALSE,$2b$13$e.UpewnPoVvoBoUqtZDvTelwrWiRbE1Q5eHP.HqZ76q3swQG0G0/S
1025,luis@gmail.com,45:00.9,FALSE,$2b$13$e.UpewnPoVvoBoUqtZDvTelwrWiRbE1Q5eHP.HqZ76q3swQG0G0/S
1026,luis@gmail.com,45:00.9,FALSE,$2b$13$e.UpewnPoVvoBoUqtZDvTelwrWiRbE1Q5eHP.HqZ76q3swQG0G0/S
1027,luis@gmail.com,45:00.9,FALSE,$2b$13$e.UpewnPoVvoBoUqtZDvTelwrWiRbE1Q5eHP.HqZ76q3swQG0G0/S
1028,luis@gmail.com,45:00.9,FALSE,$2b$13$e.UpewnPoVvoBoUqtZDvTelwrWiRbE1Q5eHP.HqZ76q3swQG0G0/S
1029,luis@gmail.com,45:00.9,FALSE,$2b$13$e.UpewnPoVvoBoUqtZDvTelwrWiRbE1Q5eHP.HqZ76q3swQG0G0/S
1030,luis@gmail.com,45:00.9,FALSE,$2b$13$e.UpewnPoVvoBoUqtZDvTelwrWiRbE1Q5eHP.HqZ76q3swQG0G0/S
1031,luis@gmail.com,45:00.9,FALSE,$2b$13$e.UpewnPoVvoBoUqtZDvTelwrWiRbE1Q5eHP.HqZ76q3swQG0G0/S
1032,luis@gmail.com,45:00.9,FALSE,$2b$13$e.UpewnPoVvoBoUqtZDvTelwrWiRbE1Q5eHP.HqZ76q3swQG0G0/S
1033,luis@gmail.com,45:00.9,FALSE,$2b$13$e.UpewnPoVvoBoUqtZDvTelwrWiRbE1Q5eHP.HqZ76q3swQG0G0/S
1034,luis@gmail.com,45:00.9,FALSE,$2b$13$e.UpewnPoVvoBoUqtZDvTelwrWiRbE1Q5eHP.HqZ76q3swQG0G0/S
1035,luis@gmail.com,45:00.9,FALSE,$2b$13$e.UpewnPoVvoBoUqtZDvTelwrWiRbE1Q5eHP.HqZ76q3swQG0G0/S
1036,luis@gmail.com,45:00.9,FALSE,$2b$13$e.UpewnPoVvoBoUqtZDvTelwrWiRbE1Q5eHP.HqZ76q3swQG0G0/S
1037,luis@gmail.com,45:00.9,FALSE,$2b$13$e.UpewnPoVvoBoUqtZDvTelwrWiRbE1Q5eHP.HqZ76q3swQG0G0/S
1038,luis@gmail.com,45:00.9,FALSE,$2b$13$e.UpewnPoVvoBoUqtZDvTelwrWiRbE1Q5eHP.HqZ76q3swQG0G0/S
1039,luis@gmail.com,45:00.9,FALSE,$2b$13$e.UpewnPoVvoBoUqtZDvTelwrWiRbE1Q5eHP.HqZ76q3swQG0G0/S
1040,luis@gmail.com,45:00.9,FALSE,$2b$13$e.UpewnPoVvoBoUqtZDvTelwrWiRbE1Q5eHP.HqZ76q3swQG0G0/S
1041,luis@gmail.com,45:00.9,FALSE,$2b$13$e.UpewnPoVvoBoUqtZDvTelwrWiRbE1Q5eHP.HqZ76q3swQG0G0/S
1042,luis@gmail.com,45:00.9,FALSE,$2b$13$e.UpewnPoVvoBoUqtZDvTelwrWiRbE1Q5eHP.HqZ76q3swQG0G0/S
1043,luis@gmail.com,45:00.9,FALSE,$2b$13$e.UpewnPoVvoBoUqtZDvTelwrWiRbE1Q5eHP.HqZ76q3swQG0G0/S
1044,luis@gmail.com,45:00.9,FALSE,$2b$13$e.UpewnPoVvoBoUqtZDvTelwrWiRbE1Q5eHP.HqZ76q3swQG0G0/S
1045,luis@gmail.com,45:00.9,FALSE,$2b$13$e.UpewnPoVvoBoUqtZDvTelwrWiRbE1Q5eHP.HqZ76q3swQG0G0/S
1046,luis@gmail.com,45:00.9,FALSE,$2b$13$e.UpewnPoVvoBoUqtZDvTelwrWiRbE1Q5eHP.HqZ76q3swQG0G0/S
1047,luis@gmail.com,45:00.9,FALSE,$2b$13$e.UpewnPoVvoBoUqtZDvTelwrWiRbE1Q5eHP.HqZ76q3swQG0G0/S
1048,luis@gmail.com,45:00.9,FALSE,$2b$13$e.UpewnPoVvoBoUqtZDvTelwrWiRbE1Q5eHP.HqZ76q3swQG0G0/S
1049,luis@gmail.com,45:00.9,FALSE,$2b$13$e.UpewnPoVvoBoUqtZDvTelwrWiRbE1Q5eHP.HqZ76q3swQG0G0/S
1050,luis@gmail.com,45:00.9,FALSE,$2b$13$e.UpewnPoVvoBoUqtZDvTelwrWiRbE1Q5eHP.HqZ76q3swQG0G0/S
1051,luis@gmail.com,45:00.9,FALSE,$2b$13$e.UpewnPoVvoBoUqtZDvTelwrWiRbE1Q5eHP.HqZ76q3swQG0G0/S
1052,luis@gmail.com,45:00.9,FALSE,$2b$13$e.UpewnPoVvoBoUqtZDvTelwrWiRbE1Q5eHP.HqZ76q3swQG0G0/S
1053,luis@gmail.com,45:00.9,FALSE,$2b$13$e.UpewnPoVvoBoUqtZDvTelwrWiRbE1Q5eHP.HqZ76q3swQG0G0/S
1054,luis@gmail.com,45:00.9,FALSE,$2b$13$e.UpewnPoVvoBoUqtZDvTelwrWiRbE1Q5eHP.HqZ76q3swQG0G0/S
1055,luis@gmail.com,45:00.9,FALSE,$2b$13$e.UpewnPoVvoBoUqtZDvTelwrWiRbE1Q5eHP.HqZ76q3swQG0G0/S
1056,luis@gmail.com,45:00.9,FALSE,$2b$13$e.UpewnPoVvoBoUqtZDvTelwrWiRbE1Q5eHP.HqZ76q3swQG0G0/S
1057,luis@gmail.com,45:00.9,FALSE,$2b$13$e.UpewnPoVvoBoUqtZDvTelwrWiRbE1Q5eHP.HqZ76q3swQG0G0/S
1058,luis@gmail.com,45:00.9,FALSE,$2b$13$e.UpewnPoVvoBoUqtZDvTelwrWiRbE1Q5eHP.HqZ76q3swQG0G0/S
1059,luis@gmail.com,45:00.9,FALSE,$2b$13$e.UpewnPoVvoBoUqtZDvTelwrWiRbE1Q5eHP.HqZ76q3swQG0G0/S
1060,luis@gmail.com,45:00.9,FALSE,$2b$13$e.UpewnPoVvoBoUqtZDvTelwrWiRbE1Q5eHP.HqZ76q3swQG0G0/S
1061,luis@gmail.com,45:00.9,FALSE,$2b$13$e.UpewnPoVvoBoUqtZDvTelwrWiRbE1Q5eHP.HqZ76q3swQG0G0/S
1062,luis@gmail.com,45:00.9,FALSE,$2b$13$e.UpewnPoVvoBoUqtZDvTelwrWiRbE1Q5eHP.HqZ76q3swQG0G0/S
1063,luis@gmail.com,45:00.9,FALSE,$2b$13$e.UpewnPoVvoBoUqtZDvTelwrWiRbE1Q5eHP.HqZ76q3swQG0G0/S
1064,luis@gmail.com,45:00.9,FALSE,$2b$13$e.UpewnPoVvoBoUqtZDvTelwrWiRbE1Q5eHP.HqZ76q3swQG0G0/S
1065,luis@gmail.com,45:00.9,FALSE,$2b$13$e.UpewnPoVvoBoUqtZDvTelwrWiRbE1Q5eHP.HqZ76q3swQG0G0/S
1066,luis@gmail.com,45:00.9,FALSE,$2b$13$e.UpewnPoVvoBoUqtZDvTelwrWiRbE1Q5eHP.HqZ76q3swQG0G0/S
1067,luis@gmail.com,45:00.9,FALSE,$2b$13$e.UpewnPoVvoBoUqtZDvTelwrWiRbE1Q5eHP.HqZ76q3swQG0G0/S
1068,luis@gmail.com,45:00.9,FALSE,$2b$13$e.UpewnPoVvoBoUqtZDvTelwrWiRbE1Q5eHP.HqZ76q3swQG0G0/S
1069,luis@gmail.com,45:00.9,FALSE,$2b$13$e.UpewnPoVvoBoUqtZDvTelwrWiRbE1Q5eHP.HqZ76q3swQG0G0/S
1070,luis@gmail.com,45:00.9,FALSE,$2b$13$e.UpewnPoVvoBoUqtZDvTelwrWiRbE1Q5eHP.HqZ76q3swQG0G0/S
1071,luis@gmail.com,45:00.9,FALSE,$2b$13$e.UpewnPoVvoBoUqtZDvTelwrWiRbE1Q5eHP.HqZ76q3swQG0G0/S
1072,luis@gmail.com,45:00.9,FALSE,$2b$13$e.UpewnPoVvoBoUqtZDvTelwrWiRbE1Q5eHP.HqZ76q3swQG0G0/S
1073,luis@gmail.com,45:00.9,FALSE,$2b$13$e.UpewnPoVvoBoUqtZDvTelwrWiRbE1Q5eHP.HqZ76q3swQG0G0/S
1074,luis@gmail.com,45:00.9,FALSE,$2b$13$e.UpewnPoVvoBoUqtZDvTelwrWiRbE1Q5eHP.HqZ76q3swQG0G0/S
1075,luis@gmail.com,45:00.9,FALSE,$2b$13$e.UpewnPoVvoBoUqtZDvTelwrWiRbE1Q5eHP.HqZ76q3swQG0G0/S
1076,luis@gmail.com,45:00.9,FALSE,$2b$13$e.UpewnPoVvoBoUqtZDvTelwrWiRbE1Q5eHP.HqZ76q3swQG0G0/S
1077,luis@gmail.com,45:00.9,FALSE,$2b$13$e.UpewnPoVvoBoUqtZDvTelwrWiRbE1Q5eHP.HqZ76q3swQG0G0/S
1078,luis@gmail.com,45:00.9,FALSE,$2b$13$e.UpewnPoVvoBoUqtZDvTelwrWiRbE1Q5eHP.HqZ76q3swQG0G0/S
1079,luis@gmail.com,45:00.9,FALSE,$2b$13$e.UpewnPoVvoBoUqtZDvTelwrWiRbE1Q5eHP.HqZ76q3swQG0G0/S
1080,luis@gmail.com,45:00.9,FALSE,$2b$13$e.UpewnPoVvoBoUqtZDvTelwrWiRbE1Q5eHP.HqZ76q3swQG0G0/S
1081,luis@gmail.com,45:00.9,FALSE,$2b$13$e.UpewnPoVvoBoUqtZDvTelwrWiRbE1Q5eHP.HqZ76q3swQG0G0/S
1082,luis@gmail.com,45:00.9,FALSE,$2b$13$e.UpewnPoVvoBoUqtZDvTelwrWiRbE1Q5eHP.HqZ76q3swQG0G0/S
1083,luis@gmail.com,45:00.9,FALSE,$2b$13$e.UpewnPoVvoBoUqtZDvTelwrWiRbE1Q5eHP.HqZ76q3swQG0G0/S
1084,luis@gmail.com,45:00.9,FALSE,$2b$13$e.UpewnPoVvoBoUqtZDvTelwrWiRbE1Q5eHP.HqZ76q3swQG0G0/S
1085,luis@gmail.com,45:00.9,FALSE,$2b$13$e.UpewnPoVvoBoUqtZDvTelwrWiRbE1Q5eHP.HqZ76q3swQG0G0/S
1086,luis@gmail.com,45:00.9,FALSE,$2b$13$e.UpewnPoVvoBoUqtZDvTelwrWiRbE1Q5eHP.HqZ76q3swQG0G0/S
1087,luis@gmail.com,45:00.9,FALSE,$2b$13$e.UpewnPoVvoBoUqtZDvTelwrWiRbE1Q5eHP.HqZ76q3swQG0G0/S
1088,luis@gmail.com,45:00.9,FALSE,$2b$13$e.UpewnPoVvoBoUqtZDvTelwrWiRbE1Q5eHP.HqZ76q3swQG0G0/S
1089,luis@gmail.com,45:00.9,FALSE,$2b$13$e.UpewnPoVvoBoUqtZDvTelwrWiRbE1Q5eHP.HqZ76q3swQG0G0/S
1090,luis@gmail.com,45:00.9,FALSE,$2b$13$e.UpewnPoVvoBoUqtZDvTelwrWiRbE1Q5eHP.HqZ76q3swQG0G0/S
1091,luis@gmail.com,45:00.9,FALSE,$2b$13$e.UpewnPoVvoBoUqtZDvTelwrWiRbE1Q5eHP.HqZ76q3swQG0G0/S
1092,luis@gmail.com,45:00.9,FALSE,$2b$13$e.UpewnPoVvoBoUqtZDvTelwrWiRbE1Q5eHP.HqZ76q3swQG0G0/S
1093,luis@gmail.com,45:00.9,FALSE,$2b$13$e.UpewnPoVvoBoUqtZDvTelwrWiRbE1Q5eHP.HqZ76q3swQG0G0/S
1094,luis@gmail.com,45:00.9,FALSE,$2b$13$e.UpewnPoVvoBoUqtZDvTelwrWiRbE1Q5eHP.HqZ76q3swQG0G0/S
1095,luis@gmail.com,45:00.9,FALSE,$2b$13$e.UpewnPoVvoBoUqtZDvTelwrWiRbE1Q5eHP.HqZ76q3swQG0G0/S
1096,luis@gmail.com,45:00.9,FALSE,$2b$13$e.UpewnPoVvoBoUqtZDvTelwrWiRbE1Q5eHP.HqZ76q3swQG0G0/S
1097,luis@gmail.com,45:00.9,FALSE,$2b$13$e.UpewnPoVvoBoUqtZDvTelwrWiRbE1Q5eHP.HqZ76q3swQG0G0/S
1098,luis@gmail.com,45:00.9,FALSE,$2b$13$e.UpewnPoVvoBoUqtZDvTelwrWiRbE1Q5eHP.HqZ76q3swQG0G0/S
1099,luis@gmail.com,45:00.9,FALSE,$2b$13$e.UpewnPoVvoBoUqtZDvTelwrWiRbE1Q5eHP.HqZ76q3swQG0G0/S
1100,luis@gmail.com,45:00.9,FALSE,$2b$13$e.UpewnPoVvoBoUqtZDvTelwrWiRbE1Q5eHP.HqZ76q3swQG0G0/S
1101,luis@gmail.com,45:00.9,FALSE,$2b$13$e.UpewnPoVvoBoUqtZDvTelwrWiRbE1Q5eHP.HqZ76q3swQG0G0/S
1102,luis@gmail.com,45:00.9,FALSE,$2b$13$e.UpewnPoVvoBoUqtZDvTelwrWiRbE1Q5eHP.HqZ76q3swQG0G0/S
1103,luis@gmail.com,45:00.9,FALSE,$2b$13$e.UpewnPoVvoBoUqtZDvTelwrWiRbE1Q5eHP.HqZ76q3swQG0G0/S
1104,luis@gmail.com,45:00.9,FALSE,$2b$13$e.UpewnPoVvoBoUqtZDvTelwrWiRbE1Q5eHP.HqZ76q3swQG0G0/S
1105,luis@gmail.com,45:00.9,FALSE,$2b$13$e.UpewnPoVvoBoUqtZDvTelwrWiRbE1Q5eHP.HqZ76q3swQG0G0/S
1106,luis@gmail.com,45:00.9,FALSE,$2b$13$e.UpewnPoVvoBoUqtZDvTelwrWiRbE1Q5eHP.HqZ76q3swQG0G0/S
1107,luis@gmail.com,45:00.9,FALSE,$2b$13$e.UpewnPoVvoBoUqtZDvTelwrWiRbE1Q5eHP.HqZ76q3swQG0G0/S
1108,luis@gmail.com,45:00.9,FALSE,$2b$13$e.UpewnPoVvoBoUqtZDvTelwrWiRbE1Q5eHP.HqZ76q3swQG0G0/S
1109,luis@gmail.com,45:00.9,FALSE,$2b$13$e.UpewnPoVvoBoUqtZDvTelwrWiRbE1Q5eHP.HqZ76q3swQG0G0/S
1110,luis@gmail.com,45:00.9,FALSE,$2b$13$e.UpewnPoVvoBoUqtZDvTelwrWiRbE1Q5eHP.HqZ76q3swQG0G0/S
1111,luis@gmail.com,45:00.9,FALSE,$2b$13$e.UpewnPoVvoBoUqtZDvTelwrWiRbE1Q5eHP.HqZ76q3swQG0G0/S
1112,luis@gmail.com,45:00.9,FALSE,$2b$13$e.UpewnPoVvoBoUqtZDvTelwrWiRbE1Q5eHP.HqZ76q3swQG0G0/S
1113,luis@gmail.com,45:00.9,FALSE,$2b$13$e.UpewnPoVvoBoUqtZDvTelwrWiRbE1Q5eHP.HqZ76q3swQG0G0/S
1114,luis@gmail.com,45:00.9,FALSE,$2b$13$e.UpewnPoVvoBoUqtZDvTelwrWiRbE1Q5eHP.HqZ76q3swQG0G0/S
1115,luis@gmail.com,45:00.9,FALSE,$2b$13$e.UpewnPoVvoBoUqtZDvTelwrWiRbE1Q5eHP.HqZ76q3swQG0G0/S
1116,luis@gmail.com,45:00.9,FALSE,$2b$13$e.UpewnPoVvoBoUqtZDvTelwrWiRbE1Q5eHP.HqZ76q3swQG0G0/S
1117,luis@gmail.com,45:00.9,FALSE,$2b$13$e.UpewnPoVvoBoUqtZDvTelwrWiRbE1Q5eHP.HqZ76q3swQG0G0/S
1118,luis@gmail.com,45:00.9,FALSE,$2b$13$e.UpewnPoVvoBoUqtZDvTelwrWiRbE1Q5eHP.HqZ76q3swQG0G0/S
1119,luis@gmail.com,45:00.9,FALSE,$2b$13$e.UpewnPoVvoBoUqtZDvTelwrWiRbE1Q5eHP.HqZ76q3swQG0G0/S
1120,luis@gmail.com,45:00.9,FALSE,$2b$13$e.UpewnPoVvoBoUqtZDvTelwrWiRbE1Q5eHP.HqZ76q3swQG0G0/S
1121,luis@gmail.com,45:00.9,FALSE,$2b$13$e.UpewnPoVvoBoUqtZDvTelwrWiRbE1Q5eHP.HqZ76q3swQG0G0/S
1122,luis@gmail.com,45:00.9,FALSE,$2b$13$e.UpewnPoVvoBoUqtZDvTelwrWiRbE1Q5eHP.HqZ76q3swQG0G0/S
1123,luis@gmail.com,45:00.9,FALSE,$2b$13$e.UpewnPoVvoBoUqtZDvTelwrWiRbE1Q5eHP.HqZ76q3swQG0G0/S
1124,luis@gmail.com,45:00.9,FALSE,$2b$13$e.UpewnPoVvoBoUqtZDvTelwrWiRbE1Q5eHP.HqZ76q3swQG0G0/S
1125,luis@gmail.com,45:00.9,FALSE,$2b$13$e.UpewnPoVvoBoUqtZDvTelwrWiRbE1Q5eHP.HqZ76q3swQG0G0/S
1126,luis@gmail.com,45:00.9,FALSE,$2b$13$e.UpewnPoVvoBoUqtZDvTelwrWiRbE1Q5eHP.HqZ76q3swQG0G0/S
1127,luis@gmail.com,45:00.9,FALSE,$2b$13$e.UpewnPoVvoBoUqtZDvTelwrWiRbE1Q5eHP.HqZ76q3swQG0G0/S
1128,luis@gmail.com,45:00.9,FALSE,$2b$13$e.UpewnPoVvoBoUqtZDvTelwrWiRbE1Q5eHP.HqZ76q3swQG0G0/S
1129,luis@gmail.com,45:00.9,FALSE,$2b$13$e.UpewnPoVvoBoUqtZDvTelwrWiRbE1Q5eHP.HqZ76q3swQG0G0/S
1130,luis@gmail.com,45:00.9,FALSE,$2b$13$e.UpewnPoVvoBoUqtZDvTelwrWiRbE1Q5eHP.HqZ76q3swQG0G0/S
1131,luis@gmail.com,45:00.9,FALSE,$2b$13$e.UpewnPoVvoBoUqtZDvTelwrWiRbE1Q5eHP.HqZ76q3swQG0G0/S
1132,luis@gmail.com,45:00.9,FALSE,$2b$13$e.UpewnPoVvoBoUqtZDvTelwrWiRbE1Q5eHP.HqZ76q3swQG0G0/S
1133,luis@gmail.com,45:00.9,FALSE,$2b$13$e.UpewnPoVvoBoUqtZDvTelwrWiRbE1Q5eHP.HqZ76q3swQG0G0/S
1134,luis@gmail.com,45:00.9,FALSE,$2b$13$e.UpewnPoVvoBoUqtZDvTelwrWiRbE1Q5eHP.HqZ76q3swQG0G0/S
1135,luis@gmail.com,45:00.9,FALSE,$2b$13$e.UpewnPoVvoBoUqtZDvTelwrWiRbE1Q5eHP.HqZ76q3swQG0G0/S
1136,luis@gmail.com,45:00.9,FALSE,$2b$13$e.UpewnPoVvoBoUqtZDvTelwrWiRbE1Q5eHP.HqZ76q3swQG0G0/S
1137,luis@gmail.com,45:00.9,FALSE,$2b$13$e.UpewnPoVvoBoUqtZDvTelwrWiRbE1Q5eHP.HqZ76q3swQG0G0/S
1138,luis@gmail.com,45:00.9,FALSE,$2b$13$e.UpewnPoVvoBoUqtZDvTelwrWiRbE1Q5eHP.HqZ76q3swQG0G0/S
1139,luis@gmail.com,45:00.9,FALSE,$2b$13$e.UpewnPoVvoBoUqtZDvTelwrWiRbE1Q5eHP.HqZ76q3swQG0G0/S
1140,luis@gmail.com,45:00.9,FALSE,$2b$13$e.UpewnPoVvoBoUqtZDvTelwrWiRbE1Q5eHP.HqZ76q3swQG0G0/S
1141,luis@gmail.com,45:00.9,FALSE,$2b$13$e.UpewnPoVvoBoUqtZDvTelwrWiRbE1Q5eHP.HqZ76q3swQG0G0/S
1142,luis@gmail.com,45:00.9,FALSE,$2b$13$e.UpewnPoVvoBoUqtZDvTelwrWiRbE1Q5eHP.HqZ76q3swQG0G0/S
1143,luis@gmail.com,45:00.9,FALSE,$2b$13$e.UpewnPoVvoBoUqtZDvTelwrWiRbE1Q5eHP.HqZ76q3swQG0G0/S
1144,luis@gmail.com,45:00.9,FALSE,$2b$13$e.UpewnPoVvoBoUqtZDvTelwrWiRbE1Q5eHP.HqZ76q3swQG0G0/S
1145,luis@gmail.com,45:00.9,FALSE,$2b$13$e.UpewnPoVvoBoUqtZDvTelwrWiRbE1Q5eHP.HqZ76q3swQG0G0/S
1146,luis@gmail.com,45:00.9,FALSE,$2b$13$e.UpewnPoVvoBoUqtZDvTelwrWiRbE1Q5eHP.HqZ76q3swQG0G0/S
1147,luis@gmail.com,45:00.9,FALSE,$2b$13$e.UpewnPoVvoBoUqtZDvTelwrWiRbE1Q5eHP.HqZ76q3swQG0G0/S
1148,luis@gmail.com,45:00.9,FALSE,$2b$13$e.UpewnPoVvoBoUqtZDvTelwrWiRbE1Q5eHP.HqZ76q3swQG0G0/S
1149,luis@gmail.com,45:00.9,FALSE,$2b$13$e.UpewnPoVvoBoUqtZDvTelwrWiRbE1Q5eHP.HqZ76q3swQG0G0/S
1150,luis@gmail.com,45:00.9,FALSE,$2b$13$e.UpewnPoVvoBoUqtZDvTelwrWiRbE1Q5eHP.HqZ76q3swQG0G0/S
1151,luis@gmail.com,45:00.9,FALSE,$2b$13$e.UpewnPoVvoBoUqtZDvTelwrWiRbE1Q5eHP.HqZ76q3swQG0G0/S
1152,luis@gmail.com,45:00.9,FALSE,$2b$13$e.UpewnPoVvoBoUqtZDvTelwrWiRbE1Q5eHP.HqZ76q3swQG0G0/S
1153,luis@gmail.com,45:00.9,FALSE,$2b$13$e.UpewnPoVvoBoUqtZDvTelwrWiRbE1Q5eHP.HqZ76q3swQG0G0/S
1154,luis@gmail.com,45:00.9,FALSE,$2b$13$e.UpewnPoVvoBoUqtZDvTelwrWiRbE1Q5eHP.HqZ76q3swQG0G0/S
1155,luis@gmail.com,45:00.9,FALSE,$2b$13$e.UpewnPoVvoBoUqtZDvTelwrWiRbE1Q5eHP.HqZ76q3swQG0G0/S
1156,luis@gmail.com,45:00.9,FALSE,$2b$13$e.UpewnPoVvoBoUqtZDvTelwrWiRbE1Q5eHP.HqZ76q3swQG0G0/S
1157,luis@gmail.com,45:00.9,FALSE,$2b$13$e.UpewnPoVvoBoUqtZDvTelwrWiRbE1Q5eHP.HqZ76q3swQG0G0/S
1158,luis@gmail.com,45:00.9,FALSE,$2b$13$e.UpewnPoVvoBoUqtZDvTelwrWiRbE1Q5eHP.HqZ76q3swQG0G0/S
1159,luis@gmail.com,45:00.9,FALSE,$2b$13$e.UpewnPoVvoBoUqtZDvTelwrWiRbE1Q5eHP.HqZ76q3swQG0G0/S
1160,luis@gmail.com,45:00.9,FALSE,$2b$13$e.UpewnPoVvoBoUqtZDvTelwrWiRbE1Q5eHP.HqZ76q3swQG0G0/S
1161,luis@gmail.com,45:00.9,FALSE,$2b$13$e.UpewnPoVvoBoUqtZDvTelwrWiRbE1Q5eHP.HqZ76q3swQG0G0/S
1162,luis@gmail.com,45:00.9,FALSE,$2b$13$e.UpewnPoVvoBoUqtZDvTelwrWiRbE1Q5eHP.HqZ76q3swQG0G0/S
1163,luis@gmail.com,45:00.9,FALSE,$2b$13$e.UpewnPoVvoBoUqtZDvTelwrWiRbE1Q5eHP.HqZ76q3swQG0G0/S
1164,luis@gmail.com,45:00.9,FALSE,$2b$13$e.UpewnPoVvoBoUqtZDvTelwrWiRbE1Q5eHP.HqZ76q3swQG0G0/S
1165,luis@gmail.com,45:00.9,FALSE,$2b$13$e.UpewnPoVvoBoUqtZDvTelwrWiRbE1Q5eHP.HqZ76q3swQG0G0/S
1166,luis@gmail.com,45:00.9,FALSE,$2b$13$e.UpewnPoVvoBoUqtZDvTelwrWiRbE1Q5eHP.HqZ76q3swQG0G0/S
1167,luis@gmail.com,45:00.9,FALSE,$2b$13$e.UpewnPoVvoBoUqtZDvTelwrWiRbE1Q5eHP.HqZ76q3swQG0G0/S
1168,luis@gmail.com,45:00.9,FALSE,$2b$13$e.UpewnPoVvoBoUqtZDvTelwrWiRbE1Q5eHP.HqZ76q3swQG0G0/S
1169,luis@gmail.com,45:00.9,FALSE,$2b$13$e.UpewnPoVvoBoUqtZDvTelwrWiRbE1Q5eHP.HqZ76q3swQG0G0/S
1170,luis@gmail.com,45:00.9,FALSE,$2b$13$e.UpewnPoVvoBoUqtZDvTelwrWiRbE1Q5eHP.HqZ76q3swQG0G0/S
1171,luis@gmail.com,45:00.9,FALSE,$2b$13$e.UpewnPoVvoBoUqtZDvTelwrWiRbE1Q5eHP.HqZ76q3swQG0G0/S
1172,luis@gmail.com,45:00.9,FALSE,$2b$13$e.UpewnPoVvoBoUqtZDvTelwrWiRbE1Q5eHP.HqZ76q3swQG0G0/S
1173,luis@gmail.com,45:00.9,FALSE,$2b$13$e.UpewnPoVvoBoUqtZDvTelwrWiRbE1Q5eHP.HqZ76q3swQG0G0/S
1174,luis@gmail.com,45:00.9,FALSE,$2b$13$e.UpewnPoVvoBoUqtZDvTelwrWiRbE1Q5eHP.HqZ76q3swQG0G0/S
1175,luis@gmail.com,45:00.9,FALSE,$2b$13$e.UpewnPoVvoBoUqtZDvTelwrWiRbE1Q5eHP.HqZ76q3swQG0G0/S
1176,luis@gmail.com,45:00.9,FALSE,$2b$13$e.UpewnPoVvoBoUqtZDvTelwrWiRbE1Q5eHP.HqZ76q3swQG0G0/S
1177,luis@gmail.com,45:00.9,FALSE,$2b$13$e.UpewnPoVvoBoUqtZDvTelwrWiRbE1Q5eHP.HqZ76q3swQG0G0/S
1178,luis@gmail.com,45:00.9,FALSE,$2b$13$e.UpewnPoVvoBoUqtZDvTelwrWiRbE1Q5eHP.HqZ76q3swQG0G0/S
1179,luis@gmail.com,45:00.9,FALSE,$2b$13$e.UpewnPoVvoBoUqtZDvTelwrWiRbE1Q5eHP.HqZ76q3swQG0G0/S
1180,luis@gmail.com,45:00.9,FALSE,$2b$13$e.UpewnPoVvoBoUqtZDvTelwrWiRbE1Q5eHP.HqZ76q3swQG0G0/S
1181,luis@gmail.com,45:00.9,FALSE,$2b$13$e.UpewnPoVvoBoUqtZDvTelwrWiRbE1Q5eHP.HqZ76q3swQG0G0/S
1182,luis@gmail.com,45:00.9,FALSE,$2b$13$e.UpewnPoVvoBoUqtZDvTelwrWiRbE1Q5eHP.HqZ76q3swQG0G0/S
1183,luis@gmail.com,45:00.9,FALSE,$2b$13$e.UpewnPoVvoBoUqtZDvTelwrWiRbE1Q5eHP.HqZ76q3swQG0G0/S
1184,luis@gmail.com,45:00.9,FALSE,$2b$13$e.UpewnPoVvoBoUqtZDvTelwrWiRbE1Q5eHP.HqZ76q3swQG0G0/S
1185,luis@gmail.com,45:00.9,FALSE,$2b$13$e.UpewnPoVvoBoUqtZDvTelwrWiRbE1Q5eHP.HqZ76q3swQG0G0/S
1186,luis@gmail.com,45:00.9,FALSE,$2b$13$e.UpewnPoVvoBoUqtZDvTelwrWiRbE1Q5eHP.HqZ76q3swQG0G0/S
1187,luis@gmail.com,45:00.9,FALSE,$2b$13$e.UpewnPoVvoBoUqtZDvTelwrWiRbE1Q5eHP.HqZ76q3swQG0G0/S
1188,luis@gmail.com,45:00.9,FALSE,$2b$13$e.UpewnPoVvoBoUqtZDvTelwrWiRbE1Q5eHP.HqZ76q3swQG0G0/S
1189,luis@gmail.com,45:00.9,FALSE,$2b$13$e.UpewnPoVvoBoUqtZDvTelwrWiRbE1Q5eHP.HqZ76q3swQG0G0/S
1190,luis@gmail.com,45:00.9,FALSE,$2b$13$e.UpewnPoVvoBoUqtZDvTelwrWiRbE1Q5eHP.HqZ76q3swQG0G0/S
1191,luis@gmail.com,45:00.9,FALSE,$2b$13$e.UpewnPoVvoBoUqtZDvTelwrWiRbE1Q5eHP.HqZ76q3swQG0G0/S
1192,luis@gmail.com,45:00.9,FALSE,$2b$13$e.UpewnPoVvoBoUqtZDvTelwrWiRbE1Q5eHP.HqZ76q3swQG0G0/S
1193,luis@gmail.com,45:00.9,FALSE,$2b$13$e.UpewnPoVvoBoUqtZDvTelwrWiRbE1Q5eHP.HqZ76q3swQG0G0/S
1194,luis@gmail.com,45:00.9,FALSE,$2b$13$e.UpewnPoVvoBoUqtZDvTelwrWiRbE1Q5eHP.HqZ76q3swQG0G0/S
1195,luis@gmail.com,45:00.9,FALSE,$2b$13$e.UpewnPoVvoBoUqtZDvTelwrWiRbE1Q5eHP.HqZ76q3swQG0G0/S
1,luis@gmail.com,45:00.9,FALSE,$2b$13$e.UpewnPoVvoBoUqtZDvTelwrWiRbE1Q5eHP.HqZ76q3swQG0G0/S
2,luis@gmail.com,45:00.9,FALSE,$2b$13$e.UpewnPoVvoBoUqtZDvTelwrWiRbE1Q5eHP.HqZ76q3swQG0G0/S
3,luis@gmail.com,45:00.9,FALSE,$2b$13$e.UpewnPoVvoBoUqtZDvTelwrWiRbE1Q5eHP.HqZ76q3swQG0G0/S
4,luis@gmail.com,45:00.9,FALSE,$2b$13$e.UpewnPoVvoBoUqtZDvTelwrWiRbE1Q5eHP.HqZ76q3swQG0G0/S
5,luis@gmail.com,45:00.9,FALSE,$2b$13$e.UpewnPoVvoBoUqtZDvTelwrWiRbE1Q5eHP.HqZ76q3swQG0G0/S
6,luis@gmail.com,45:00.9,FALSE,$2b$13$e.UpewnPoVvoBoUqtZDvTelwrWiRbE1Q5eHP.HqZ76q3swQG0G0/S
7,luis@gmail.com,45:00.9,FALSE,$2b$13$e.UpewnPoVvoBoUqtZDvTelwrWiRbE1Q5eHP.HqZ76q3swQG0G0/S
8,luis@gmail.com,45:00.9,FALSE,$2b$13$e.UpewnPoVvoBoUqtZDvTelwrWiRbE1Q5eHP.HqZ76q3swQG0G0/S
9,luis@gmail.com,45:00.9,FALSE,$2b$13$e.UpewnPoVvoBoUqtZDvTelwrWiRbE1Q5eHP.HqZ76q3swQG0G0/S
10,luis@gmail.com,45:00.9,FALSE,$2b$13$e.UpewnPoVvoBoUqtZDvTelwrWiRbE1Q5eHP.HqZ76q3swQG0G0/S
11,luis@gmail.com,45:00.9,FALSE,$2b$13$e.UpewnPoVvoBoUqtZDvTelwrWiRbE1Q5eHP.HqZ76q3swQG0G0/S
12,luis@gmail.com,45:00.9,FALSE,$2b$13$e.UpewnPoVvoBoUqtZDvTelwrWiRbE1Q5eHP.HqZ76q3swQG0G0/S
13,luis@gmail.com,45:00.9,FALSE,$2b$13$e.UpewnPoVvoBoUqtZDvTelwrWiRbE1Q5eHP.HqZ76q3swQG0G0/S
14,luis@gmail.com,45:00.9,FALSE,$2b$13$e.UpewnPoVvoBoUqtZDvTelwrWiRbE1Q5eHP.HqZ76q3swQG0G0/S
15,luis@gmail.com,45:00.9,FALSE,$2b$13$e.UpewnPoVvoBoUqtZDvTelwrWiRbE1Q5eHP.HqZ76q3swQG0G0/S
16,luis@gmail.com,45:00.9,FALSE,$2b$13$e.UpewnPoVvoBoUqtZDvTelwrWiRbE1Q5eHP.HqZ76q3swQG0G0/S
17,luis@gmail.com,45:00.9,FALSE,$2b$13$e.UpewnPoVvoBoUqtZDvTelwrWiRbE1Q5eHP.HqZ76q3swQG0G0/S
18,luis@gmail.com,45:00.9,FALSE,$2b$13$e.UpewnPoVvoBoUqtZDvTelwrWiRbE1Q5eHP.HqZ76q3swQG0G0/S
19,luis@gmail.com,45:00.9,FALSE,$2b$13$e.UpewnPoVvoBoUqtZDvTelwrWiRbE1Q5eHP.HqZ76q3swQG0G0/S
20,luis@gmail.com,45:00.9,FALSE,$2b$13$e.UpewnPoVvoBoUqtZDvTelwrWiRbE1Q5eHP.HqZ76q3swQG0G0/S
21,luis@gmail.com,45:00.9,FALSE,$2b$13$e.UpewnPoVvoBoUqtZDvTelwrWiRbE1Q5eHP.HqZ76q3swQG0G0/S
22,luis@gmail.com,45:00.9,FALSE,$2b$13$e.UpewnPoVvoBoUqtZDvTelwrWiRbE1Q5eHP.HqZ76q3swQG0G0/S
23,luis@gmail.com,45:00.9,FALSE,$2b$13$e.UpewnPoVvoBoUqtZDvTelwrWiRbE1Q5eHP.HqZ76q3swQG0G0/S
24,luis@gmail.com,45:00.9,FALSE,$2b$13$e.UpewnPoVvoBoUqtZDvTelwrWiRbE1Q5eHP.HqZ76q3swQG0G0/S
25,luis@gmail.com,45:00.9,FALSE,$2b$13$e.UpewnPoVvoBoUqtZDvTelwrWiRbE1Q5eHP.HqZ76q3swQG0G0/S
26,luis@gmail.com,45:00.9,FALSE,$2b$13$e.UpewnPoVvoBoUqtZDvTelwrWiRbE1Q5eHP.HqZ76q3swQG0G0/S
27,luis@gmail.com,45:00.9,FALSE,$2b$13$e.UpewnPoVvoBoUqtZDvTelwrWiRbE1Q5eHP.HqZ76q3swQG0G0/S
28,luis@gmail.com,45:00.9,FALSE,$2b$13$e.UpewnPoVvoBoUqtZDvTelwrWiRbE1Q5eHP.HqZ76q3swQG0G0/S
29,luis@gmail.com,45:00.9,FALSE,$2b$13$e.UpewnPoVvoBoUqtZDvTelwrWiRbE1Q5eHP.HqZ76q3swQG0G0/S
30,luis@gmail.com,45:00.9,FALSE,$2b$13$e.UpewnPoVvoBoUqtZDvTelwrWiRbE1Q5eHP.HqZ76q3swQG0G0/S
31,luis@gmail.com,45:00.9,FALSE,$2b$13$e.UpewnPoVvoBoUqtZDvTelwrWiRbE1Q5eHP.HqZ76q3swQG0G0/S
32,luis@gmail.com,45:00.9,FALSE,$2b$13$e.UpewnPoVvoBoUqtZDvTelwrWiRbE1Q5eHP.HqZ76q3swQG0G0/S
33,luis@gmail.com,45:00.9,FALSE,$2b$13$e.UpewnPoVvoBoUqtZDvTelwrWiRbE1Q5eHP.HqZ76q3swQG0G0/S
34,luis@gmail.com,45:00.9,FALSE,$2b$13$e.UpewnPoVvoBoUqtZDvTelwrWiRbE1Q5eHP.HqZ76q3swQG0G0/S
35,luis@gmail.com,45:00.9,FALSE,$2b$13$e.UpewnPoVvoBoUqtZDvTelwrWiRbE1Q5eHP.HqZ76q3swQG0G0/S
36,luis@gmail.com,45:00.9,FALSE,$2b$13$e.UpewnPoVvoBoUqtZDvTelwrWiRbE1Q5eHP.HqZ76q3swQG0G0/S
37,luis@gmail.com,45:00.9,FALSE,$2b$13$e.UpewnPoVvoBoUqtZDvTelwrWiRbE1Q5eHP.HqZ76q3swQG0G0/S
38,luis@gmail.com,45:00.9,FALSE,$2b$13$e.UpewnPoVvoBoUqtZDvTelwrWiRbE1Q5eHP.HqZ76q3swQG0G0/S
39,luis@gmail.com,45:00.9,FALSE,$2b$13$e.UpewnPoVvoBoUqtZDvTelwrWiRbE1Q5eHP.HqZ76q3swQG0G0/S
40,luis@gmail.com,45:00.9,FALSE,$2b$13$e.UpewnPoVvoBoUqtZDvTelwrWiRbE1Q5eHP.HqZ76q3swQG0G0/S
41,luis@gmail.com,45:00.9,FALSE,$2b$13$e.UpewnPoVvoBoUqtZDvTelwrWiRbE1Q5eHP.HqZ76q3swQG0G0/S
42,luis@gmail.com,45:00.9,FALSE,$2b$13$e.UpewnPoVvoBoUqtZDvTelwrWiRbE1Q5eHP.HqZ76q3swQG0G0/S
43,luis@gmail.com,45:00.9,FALSE,$2b$13$e.UpewnPoVvoBoUqtZDvTelwrWiRbE1Q5eHP.HqZ76q3swQG0G0/S
44,luis@gmail.com,45:00.9,FALSE,$2b$13$e.UpewnPoVvoBoUqtZDvTelwrWiRbE1Q5eHP.HqZ76q3swQG0G0/S
45,luis@gmail.com,45:00.9,FALSE,$2b$13$e.UpewnPoVvoBoUqtZDvTelwrWiRbE1Q5eHP.HqZ76q3swQG0G0/S
46,luis@gmail.com,45:00.9,FALSE,$2b$13$e.UpewnPoVvoBoUqtZDvTelwrWiRbE1Q5eHP.HqZ76q3swQG0G0/S
47,luis@gmail.com,45:00.9,FALSE,$2b$13$e.UpewnPoVvoBoUqtZDvTelwrWiRbE1Q5eHP.HqZ76q3swQG0G0/S
48,luis@gmail.com,45:00.9,FALSE,$2b$13$e.UpewnPoVvoBoUqtZDvTelwrWiRbE1Q5eHP.HqZ76q3swQG0G0/S
49,luis@gmail.com,45:00.9,FALSE,$2b$13$e.UpewnPoVvoBoUqtZDvTelwrWiRbE1Q5eHP.HqZ76q3swQG0G0/S
50,luis@gmail.com,45:00.9,FALSE,$2b$13$e.UpewnPoVvoBoUqtZDvTelwrWiRbE1Q5eHP.HqZ76q3swQG0G0/S
51,luis@gmail.com,45:00.9,FALSE,$2b$13$e.UpewnPoVvoBoUqtZDvTelwrWiRbE1Q5eHP.HqZ76q3swQG0G0/S
52,luis@gmail.com,45:00.9,FALSE,$2b$13$e.UpewnPoVvoBoUqtZDvTelwrWiRbE1Q5eHP.HqZ76q3swQG0G0/S
53,luis@gmail.com,45:00.9,FALSE,$2b$13$e.UpewnPoVvoBoUqtZDvTelwrWiRbE1Q5eHP.HqZ76q3swQG0G0/S
54,luis@gmail.com,45:00.9,FALSE,$2b$13$e.UpewnPoVvoBoUqtZDvTelwrWiRbE1Q5eHP.HqZ76q3swQG0G0/S
55,luis@gmail.com,45:00.9,FALSE,$2b$13$e.UpewnPoVvoBoUqtZDvTelwrWiRbE1Q5eHP.HqZ76q3swQG0G0/S
56,luis@gmail.com,45:00.9,FALSE,$2b$13$e.UpewnPoVvoBoUqtZDvTelwrWiRbE1Q5eHP.HqZ76q3swQG0G0/S
57,luis@gmail.com,45:00.9,FALSE,$2b$13$e.UpewnPoVvoBoUqtZDvTelwrWiRbE1Q5eHP.HqZ76q3swQG0G0/S
58,luis@gmail.com,45:00.9,FALSE,$2b$13$e.UpewnPoVvoBoUqtZDvTelwrWiRbE1Q5eHP.HqZ76q3swQG0G0/S
59,luis@gmail.com,45:00.9,FALSE,$2b$13$e.UpewnPoVvoBoUqtZDvTelwrWiRbE1Q5eHP.HqZ76q3swQG0G0/S
60,luis@gmail.com,45:00.9,FALSE,$2b$13$e.UpewnPoVvoBoUqtZDvTelwrWiRbE1Q5eHP.HqZ76q3swQG0G0/S
61,luis@gmail.com,45:00.9,FALSE,$2b$13$e.UpewnPoVvoBoUqtZDvTelwrWiRbE1Q5eHP.HqZ76q3swQG0G0/S
62,luis@gmail.com,45:00.9,FALSE,$2b$13$e.UpewnPoVvoBoUqtZDvTelwrWiRbE1Q5eHP.HqZ76q3swQG0G0/S
63,luis@gmail.com,45:00.9,FALSE,$2b$13$e.UpewnPoVvoBoUqtZDvTelwrWiRbE1Q5eHP.HqZ76q3swQG0G0/S
64,luis@gmail.com,45:00.9,FALSE,$2b$13$e.UpewnPoVvoBoUqtZDvTelwrWiRbE1Q5eHP.HqZ76q3swQG0G0/S
65,luis@gmail.com,45:00.9,FALSE,$2b$13$e.UpewnPoVvoBoUqtZDvTelwrWiRbE1Q5eHP.HqZ76q3swQG0G0/S
66,luis@gmail.com,45:00.9,FALSE,$2b$13$e.UpewnPoVvoBoUqtZDvTelwrWiRbE1Q5eHP.HqZ76q3swQG0G0/S
67,luis@gmail.com,45:00.9,FALSE,$2b$13$e.UpewnPoVvoBoUqtZDvTelwrWiRbE1Q5eHP.HqZ76q3swQG0G0/S
68,luis@gmail.com,45:00.9,FALSE,$2b$13$e.UpewnPoVvoBoUqtZDvTelwrWiRbE1Q5eHP.HqZ76q3swQG0G0/S
69,luis@gmail.com,45:00.9,FALSE,$2b$13$e.UpewnPoVvoBoUqtZDvTelwrWiRbE1Q5eHP.HqZ76q3swQG0G0/S
70,luis@gmail.com,45:00.9,FALSE,$2b$13$e.UpewnPoVvoBoUqtZDvTelwrWiRbE1Q5eHP.HqZ76q3swQG0G0/S
71,luis@gmail.com,45:00.9,FALSE,$2b$13$e.UpewnPoVvoBoUqtZDvTelwrWiRbE1Q5eHP.HqZ76q3swQG0G0/S
72,luis@gmail.com,45:00.9,FALSE,$2b$13$e.UpewnPoVvoBoUqtZDvTelwrWiRbE1Q5eHP.HqZ76q3swQG0G0/S
73,luis@gmail.com,45:00.9,FALSE,$2b$13$e.UpewnPoVvoBoUqtZDvTelwrWiRbE1Q5eHP.HqZ76q3swQG0G0/S
74,luis@gmail.com,45:00.9,FALSE,$2b$13$e.UpewnPoVvoBoUqtZDvTelwrWiRbE1Q5eHP.HqZ76q3swQG0G0/S
75,luis@gmail.com,45:00.9,FALSE,$2b$13$e.UpewnPoVvoBoUqtZDvTelwrWiRbE1Q5eHP.HqZ76q3swQG0G0/S
76,luis@gmail.com,45:00.9,FALSE,$2b$13$e.UpewnPoVvoBoUqtZDvTelwrWiRbE1Q5eHP.HqZ76q3swQG0G0/S
77,luis@gmail.com,45:00.9,FALSE,$2b$13$e.UpewnPoVvoBoUqtZDvTelwrWiRbE1Q5eHP.HqZ76q3swQG0G0/S
78,luis@gmail.com,45:00.9,FALSE,$2b$13$e.UpewnPoVvoBoUqtZDvTelwrWiRbE1Q5eHP.HqZ76q3swQG0G0/S
79,luis@gmail.com,45:00.9,FALSE,$2b$13$e.UpewnPoVvoBoUqtZDvTelwrWiRbE1Q5eHP.HqZ76q3swQG0G0/S
80,luis@gmail.com,45:00.9,FALSE,$2b$13$e.UpewnPoVvoBoUqtZDvTelwrWiRbE1Q5eHP.HqZ76q3swQG0G0/S
81,luis@gmail.com,45:00.9,FALSE,$2b$13$e.UpewnPoVvoBoUqtZDvTelwrWiRbE1Q5eHP.HqZ76q3swQG0G0/S
82,luis@gmail.com,45:00.9,FALSE,$2b$13$e.UpewnPoVvoBoUqtZDvTelwrWiRbE1Q5eHP.HqZ76q3swQG0G0/S
83,luis@gmail.com,45:00.9,FALSE,$2b$13$e.UpewnPoVvoBoUqtZDvTelwrWiRbE1Q5eHP.HqZ76q3swQG0G0/S
84,luis@gmail.com,45:00.9,FALSE,$2b$13$e.UpewnPoVvoBoUqtZDvTelwrWiRbE1Q5eHP.HqZ76q3swQG0G0/S
85,luis@gmail.com,45:00.9,FALSE,$2b$13$e.UpewnPoVvoBoUqtZDvTelwrWiRbE1Q5eHP.HqZ76q3swQG0G0/S
86,luis@gmail.com,45:00.9,FALSE,$2b$13$e.UpewnPoVvoBoUqtZDvTelwrWiRbE1Q5eHP.HqZ76q3swQG0G0/S
87,luis@gmail.com,45:00.9,FALSE,$2b$13$e.UpewnPoVvoBoUqtZDvTelwrWiRbE1Q5eHP.HqZ76q3swQG0G0/S
88,luis@gmail.com,45:00.9,FALSE,$2b$13$e.UpewnPoVvoBoUqtZDvTelwrWiRbE1Q5eHP.HqZ76q3swQG0G0/S
89,luis@gmail.com,45:00.9,FALSE,$2b$13$e.UpewnPoVvoBoUqtZDvTelwrWiRbE1Q5eHP.HqZ76q3swQG0G0/S
90,luis@gmail.com,45:00.9,FALSE,$2b$13$e.UpewnPoVvoBoUqtZDvTelwrWiRbE1Q5eHP.HqZ76q3swQG0G0/S
91,luis@gmail.com,45:00.9,FALSE,$2b$13$e.UpewnPoVvoBoUqtZDvTelwrWiRbE1Q5eHP.HqZ76q3swQG0G0/S
92,luis@gmail.com,45:00.9,FALSE,$2b$13$e.UpewnPoVvoBoUqtZDvTelwrWiRbE1Q5eHP.HqZ76q3swQG0G0/S
93,luis@gmail.com,45:00.9,FALSE,$2b$13$e.UpewnPoVvoBoUqtZDvTelwrWiRbE1Q5eHP.HqZ76q3swQG0G0/S
94,luis@gmail.com,45:00.9,FALSE,$2b$13$e.UpewnPoVvoBoUqtZDvTelwrWiRbE1Q5eHP.HqZ76q3swQG0G0/S
95,luis@gmail.com,45:00.9,FALSE,$2b$13$e.UpewnPoVvoBoUqtZDvTelwrWiRbE1Q5eHP.HqZ76q3swQG0G0/S
96,luis@gmail.com,45:00.9,FALSE,$2b$13$e.UpewnPoVvoBoUqtZDvTelwrWiRbE1Q5eHP.HqZ76q3swQG0G0/S
97,luis@gmail.com,45:00.9,FALSE,$2b$13$e.UpewnPoVvoBoUqtZDvTelwrWiRbE1Q5eHP.HqZ76q3swQG0G0/S
98,luis@gmail.com,45:00.9,FALSE,$2b$13$e.UpewnPoVvoBoUqtZDvTelwrWiRbE1Q5eHP.HqZ76q3swQG0G0/S
99,luis@gmail.com,45:00.9,FALSE,$2b$13$e.UpewnPoVvoBoUqtZDvTelwrWiRbE1Q5eHP.HqZ76q3swQG0G0/S
100,luis@gmail.com,45:00.9,FALSE,$2b$13$e.UpewnPoVvoBoUqtZDvTelwrWiRbE1Q5eHP.HqZ76q3swQG0G0/S
101,luis@gmail.com,45:00.9,FALSE,$2b$13$e.UpewnPoVvoBoUqtZDvTelwrWiRbE1Q5eHP.HqZ76q3swQG0G0/S
102,luis@gmail.com,45:00.9,FALSE,$2b$13$e.UpewnPoVvoBoUqtZDvTelwrWiRbE1Q5eHP.HqZ76q3swQG0G0/S
103,luis@gmail.com,45:00.9,FALSE,$2b$13$e.UpewnPoVvoBoUqtZDvTelwrWiRbE1Q5eHP.HqZ76q3swQG0G0/S
104,luis@gmail.com,45:00.9,FALSE,$2b$13$e.UpewnPoVvoBoUqtZDvTelwrWiRbE1Q5eHP.HqZ76q3swQG0G0/S
105,luis@gmail.com,45:00.9,FALSE,$2b$13$e.UpewnPoVvoBoUqtZDvTelwrWiRbE1Q5eHP.HqZ76q3swQG0G0/S
106,luis@gmail.com,45:00.9,FALSE,$2b$13$e.UpewnPoVvoBoUqtZDvTelwrWiRbE1Q5eHP.HqZ76q3swQG0G0/S
107,luis@gmail.com,45:00.9,FALSE,$2b$13$e.UpewnPoVvoBoUqtZDvTelwrWiRbE1Q5eHP.HqZ76q3swQG0G0/S
108,luis@gmail.com,45:00.9,FALSE,$2b$13$e.UpewnPoVvoBoUqtZDvTelwrWiRbE1Q5eHP.HqZ76q3swQG0G0/S
109,luis@gmail.com,45:00.9,FALSE,$2b$13$e.UpewnPoVvoBoUqtZDvTelwrWiRbE1Q5eHP.HqZ76q3swQG0G0/S
110,luis@gmail.com,45:00.9,FALSE,$2b$13$e.UpewnPoVvoBoUqtZDvTelwrWiRbE1Q5eHP.HqZ76q3swQG0G0/S
111,luis@gmail.com,45:00.9,FALSE,$2b$13$e.UpewnPoVvoBoUqtZDvTelwrWiRbE1Q5eHP.HqZ76q3swQG0G0/S
112,luis@gmail.com,45:00.9,FALSE,$2b$13$e.UpewnPoVvoBoUqtZDvTelwrWiRbE1Q5eHP.HqZ76q3swQG0G0/S
113,luis@gmail.com,45:00.9,FALSE,$2b$13$e.UpewnPoVvoBoUqtZDvTelwrWiRbE1Q5eHP.HqZ76q3swQG0G0/S
114,luis@gmail.com,45:00.9,FALSE,$2b$13$e.UpewnPoVvoBoUqtZDvTelwrWiRbE1Q5eHP.HqZ76q3swQG0G0/S
115,luis@gmail.com,45:00.9,FALSE,$2b$13$e.UpewnPoVvoBoUqtZDvTelwrWiRbE1Q5eHP.HqZ76q3swQG0G0/S
116,luis@gmail.com,45:00.9,FALSE,$2b$13$e.UpewnPoVvoBoUqtZDvTelwrWiRbE1Q5eHP.HqZ76q3swQG0G0/S
117,luis@gmail.com,45:00.9,FALSE,$2b$13$e.UpewnPoVvoBoUqtZDvTelwrWiRbE1Q5eHP.HqZ76q3swQG0G0/S
118,luis@gmail.com,45:00.9,FALSE,$2b$13$e.UpewnPoVvoBoUqtZDvTelwrWiRbE1Q5eHP.HqZ76q3swQG0G0/S
119,luis@gmail.com,45:00.9,FALSE,$2b$13$e.UpewnPoVvoBoUqtZDvTelwrWiRbE1Q5eHP.HqZ76q3swQG0G0/S
120,luis@gmail.com,45:00.9,FALSE,$2b$13$e.UpewnPoVvoBoUqtZDvTelwrWiRbE1Q5eHP.HqZ76q3swQG0G0/S
121,luis@gmail.com,45:00.9,FALSE,$2b$13$e.UpewnPoVvoBoUqtZDvTelwrWiRbE1Q5eHP.HqZ76q3swQG0G0/S
122,luis@gmail.com,45:00.9,FALSE,$2b$13$e.UpewnPoVvoBoUqtZDvTelwrWiRbE1Q5eHP.HqZ76q3swQG0G0/S
123,luis@gmail.com,45:00.9,FALSE,$2b$13$e.UpewnPoVvoBoUqtZDvTelwrWiRbE1Q5eHP.HqZ76q3swQG0G0/S
124,luis@gmail.com,45:00.9,FALSE,$2b$13$e.UpewnPoVvoBoUqtZDvTelwrWiRbE1Q5eHP.HqZ76q3swQG0G0/S
125,luis@gmail.com,45:00.9,FALSE,$2b$13$e.UpewnPoVvoBoUqtZDvTelwrWiRbE1Q5eHP.HqZ76q3swQG0G0/S
126,luis@gmail.com,45:00.9,FALSE,$2b$13$e.UpewnPoVvoBoUqtZDvTelwrWiRbE1Q5eHP.HqZ76q3swQG0G0/S
127,luis@gmail.com,45:00.9,FALSE,$2b$13$e.UpewnPoVvoBoUqtZDvTelwrWiRbE1Q5eHP.HqZ76q3swQG0G0/S
128,luis@gmail.com,45:00.9,FALSE,$2b$13$e.UpewnPoVvoBoUqtZDvTelwrWiRbE1Q5eHP.HqZ76q3swQG0G0/S
129,luis@gmail.com,45:00.9,FALSE,$2b$13$e.UpewnPoVvoBoUqtZDvTelwrWiRbE1Q5eHP.HqZ76q3swQG0G0/S
130,luis@gmail.com,45:00.9,FALSE,$2b$13$e.UpewnPoVvoBoUqtZDvTelwrWiRbE1Q5eHP.HqZ76q3swQG0G0/S
131,luis@gmail.com,45:00.9,FALSE,$2b$13$e.UpewnPoVvoBoUqtZDvTelwrWiRbE1Q5eHP.HqZ76q3swQG0G0/S
132,luis@gmail.com,45:00.9,FALSE,$2b$13$e.UpewnPoVvoBoUqtZDvTelwrWiRbE1Q5eHP.HqZ76q3swQG0G0/S
133,luis@gmail.com,45:00.9,FALSE,$2b$13$e.UpewnPoVvoBoUqtZDvTelwrWiRbE1Q5eHP.HqZ76q3swQG0G0/S
134,luis@gmail.com,45:00.9,FALSE,$2b$13$e.UpewnPoVvoBoUqtZDvTelwrWiRbE1Q5eHP.HqZ76q3swQG0G0/S
135,luis@gmail.com,45:00.9,FALSE,$2b$13$e.UpewnPoVvoBoUqtZDvTelwrWiRbE1Q5eHP.HqZ76q3swQG0G0/S
136,luis@gmail.com,45:00.9,FALSE,$2b$13$e.UpewnPoVvoBoUqtZDvTelwrWiRbE1Q5eHP.HqZ76q3swQG0G0/S
137,luis@gmail.com,45:00.9,FALSE,$2b$13$e.UpewnPoVvoBoUqtZDvTelwrWiRbE1Q5eHP.HqZ76q3swQG0G0/S
138,luis@gmail.com,45:00.9,FALSE,$2b$13$e.UpewnPoVvoBoUqtZDvTelwrWiRbE1Q5eHP.HqZ76q3swQG0G0/S
139,luis@gmail.com,45:00.9,FALSE,$2b$13$e.UpewnPoVvoBoUqtZDvTelwrWiRbE1Q5eHP.HqZ76q3swQG0G0/S
140,luis@gmail.com,45:00.9,FALSE,$2b$13$e.UpewnPoVvoBoUqtZDvTelwrWiRbE1Q5eHP.HqZ76q3swQG0G0/S
141,luis@gmail.com,45:00.9,FALSE,$2b$13$e.UpewnPoVvoBoUqtZDvTelwrWiRbE1Q5eHP.HqZ76q3swQG0G0/S
142,luis@gmail.com,45:00.9,FALSE,$2b$13$e.UpewnPoVvoBoUqtZDvTelwrWiRbE1Q5eHP.HqZ76q3swQG0G0/S
143,luis@gmail.com,45:00.9,FALSE,$2b$13$e.UpewnPoVvoBoUqtZDvTelwrWiRbE1Q5eHP.HqZ76q3swQG0G0/S
144,luis@gmail.com,45:00.9,FALSE,$2b$13$e.UpewnPoVvoBoUqtZDvTelwrWiRbE1Q5eHP.HqZ76q3swQG0G0/S
145,luis@gmail.com,45:00.9,FALSE,$2b$13$e.UpewnPoVvoBoUqtZDvTelwrWiRbE1Q5eHP.HqZ76q3swQG0G0/S
146,luis@gmail.com,45:00.9,FALSE,$2b$13$e.UpewnPoVvoBoUqtZDvTelwrWiRbE1Q5eHP.HqZ76q3swQG0G0/S
147,luis@gmail.com,45:00.9,FALSE,$2b$13$e.UpewnPoVvoBoUqtZDvTelwrWiRbE1Q5eHP.HqZ76q3swQG0G0/S
148,luis@gmail.com,45:00.9,FALSE,$2b$13$e.UpewnPoVvoBoUqtZDvTelwrWiRbE1Q5eHP.HqZ76q3swQG0G0/S
149,luis@gmail.com,45:00.9,FALSE,$2b$13$e.UpewnPoVvoBoUqtZDvTelwrWiRbE1Q5eHP.HqZ76q3swQG0G0/S
150,luis@gmail.com,45:00.9,FALSE,$2b$13$e.UpewnPoVvoBoUqtZDvTelwrWiRbE1Q5eHP.HqZ76q3swQG0G0/S
151,luis@gmail.com,45:00.9,FALSE,$2b$13$e.UpewnPoVvoBoUqtZDvTelwrWiRbE1Q5eHP.HqZ76q3swQG0G0/S
152,luis@gmail.com,45:00.9,FALSE,$2b$13$e.UpewnPoVvoBoUqtZDvTelwrWiRbE1Q5eHP.HqZ76q3swQG0G0/S
153,luis@gmail.com,45:00.9,FALSE,$2b$13$e.UpewnPoVvoBoUqtZDvTelwrWiRbE1Q5eHP.HqZ76q3swQG0G0/S
154,luis@gmail.com,45:00.9,FALSE,$2b$13$e.UpewnPoVvoBoUqtZDvTelwrWiRbE1Q5eHP.HqZ76q3swQG0G0/S
155,luis@gmail.com,45:00.9,FALSE,$2b$13$e.UpewnPoVvoBoUqtZDvTelwrWiRbE1Q5eHP.HqZ76q3swQG0G0/S
156,luis@gmail.com,45:00.9,FALSE,$2b$13$e.UpewnPoVvoBoUqtZDvTelwrWiRbE1Q5eHP.HqZ76q3swQG0G0/S
157,luis@gmail.com,45:00.9,FALSE,$2b$13$e.UpewnPoVvoBoUqtZDvTelwrWiRbE1Q5eHP.HqZ76q3swQG0G0/S
158,luis@gmail.com,45:00.9,FALSE,$2b$13$e.UpewnPoVvoBoUqtZDvTelwrWiRbE1Q5eHP.HqZ76q3swQG0G0/S
159,luis@gmail.com,45:00.9,FALSE,$2b$13$e.UpewnPoVvoBoUqtZDvTelwrWiRbE1Q5eHP.HqZ76q3swQG0G0/S
160,luis@gmail.com,45:00.9,FALSE,$2b$13$e.UpewnPoVvoBoUqtZDvTelwrWiRbE1Q5eHP.HqZ76q3swQG0G0/S
161,luis@gmail.com,45:00.9,FALSE,$2b$13$e.UpewnPoVvoBoUqtZDvTelwrWiRbE1Q5eHP.HqZ76q3swQG0G0/S
162,luis@gmail.com,45:00.9,FALSE,$2b$13$e.UpewnPoVvoBoUqtZDvTelwrWiRbE1Q5eHP.HqZ76q3swQG0G0/S
163,luis@gmail.com,45:00.9,FALSE,$2b$13$e.UpewnPoVvoBoUqtZDvTelwrWiRbE1Q5eHP.HqZ76q3swQG0G0/S
164,luis@gmail.com,45:00.9,FALSE,$2b$13$e.UpewnPoVvoBoUqtZDvTelwrWiRbE1Q5eHP.HqZ76q3swQG0G0/S
165,luis@gmail.com,45:00.9,FALSE,$2b$13$e.UpewnPoVvoBoUqtZDvTelwrWiRbE1Q5eHP.HqZ76q3swQG0G0/S
166,luis@gmail.com,45:00.9,FALSE,$2b$13$e.UpewnPoVvoBoUqtZDvTelwrWiRbE1Q5eHP.HqZ76q3swQG0G0/S
167,luis@gmail.com,45:00.9,FALSE,$2b$13$e.UpewnPoVvoBoUqtZDvTelwrWiRbE1Q5eHP.HqZ76q3swQG0G0/S
168,luis@gmail.com,45:00.9,FALSE,$2b$13$e.UpewnPoVvoBoUqtZDvTelwrWiRbE1Q5eHP.HqZ76q3swQG0G0/S
169,luis@gmail.com,45:00.9,FALSE,$2b$13$e.UpewnPoVvoBoUqtZDvTelwrWiRbE1Q5eHP.HqZ76q3swQG0G0/S
170,luis@gmail.com,45:00.9,FALSE,$2b$13$e.UpewnPoVvoBoUqtZDvTelwrWiRbE1Q5eHP.HqZ76q3swQG0G0/S
171,luis@gmail.com,45:00.9,FALSE,$2b$13$e.UpewnPoVvoBoUqtZDvTelwrWiRbE1Q5eHP.HqZ76q3swQG0G0/S
172,luis@gmail.com,45:00.9,FALSE,$2b$13$e.UpewnPoVvoBoUqtZDvTelwrWiRbE1Q5eHP.HqZ76q3swQG0G0/S
173,luis@gmail.com,45:00.9,FALSE,$2b$13$e.UpewnPoVvoBoUqtZDvTelwrWiRbE1Q5eHP.HqZ76q3swQG0G0/S
174,luis@gmail.com,45:00.9,FALSE,$2b$13$e.UpewnPoVvoBoUqtZDvTelwrWiRbE1Q5eHP.HqZ76q3swQG0G0/S
175,luis@gmail.com,45:00.9,FALSE,$2b$13$e.UpewnPoVvoBoUqtZDvTelwrWiRbE1Q5eHP.HqZ76q3swQG0G0/S
176,luis@gmail.com,45:00.9,FALSE,$2b$13$e.UpewnPoVvoBoUqtZDvTelwrWiRbE1Q5eHP.HqZ76q3swQG0G0/S
177,luis@gmail.com,45:00.9,FALSE,$2b$13$e.UpewnPoVvoBoUqtZDvTelwrWiRbE1Q5eHP.HqZ76q3swQG0G0/S
178,luis@gmail.com,45:00.9,FALSE,$2b$13$e.UpewnPoVvoBoUqtZDvTelwrWiRbE1Q5eHP.HqZ76q3swQG0G0/S
179,luis@gmail.com,45:00.9,FALSE,$2b$13$e.UpewnPoVvoBoUqtZDvTelwrWiRbE1Q5eHP.HqZ76q3swQG0G0/S
180,luis@gmail.com,45:00.9,FALSE,$2b$13$e.UpewnPoVvoBoUqtZDvTelwrWiRbE1Q5eHP.HqZ76q3swQG0G0/S
181,luis@gmail.com,45:00.9,FALSE,$2b$13$e.UpewnPoVvoBoUqtZDvTelwrWiRbE1Q5eHP.HqZ76q3swQG0G0/S
182,luis@gmail.com,45:00.9,FALSE,$2b$13$e.UpewnPoVvoBoUqtZDvTelwrWiRbE1Q5eHP.HqZ76q3swQG0G0/S
183,luis@gmail.com,45:00.9,FALSE,$2b$13$e.UpewnPoVvoBoUqtZDvTelwrWiRbE1Q5eHP.HqZ76q3swQG0G0/S
184,luis@gmail.com,45:00.9,FALSE,$2b$13$e.UpewnPoVvoBoUqtZDvTelwrWiRbE1Q5eHP.HqZ76q3swQG0G0/S
185,luis@gmail.com,45:00.9,FALSE,$2b$13$e.UpewnPoVvoBoUqtZDvTelwrWiRbE1Q5eHP.HqZ76q3swQG0G0/S
186,luis@gmail.com,45:00.9,FALSE,$2b$13$e.UpewnPoVvoBoUqtZDvTelwrWiRbE1Q5eHP.HqZ76q3swQG0G0/S
187,luis@gmail.com,45:00.9,FALSE,$2b$13$e.UpewnPoVvoBoUqtZDvTelwrWiRbE1Q5eHP.HqZ76q3swQG0G0/S
188,luis@gmail.com,45:00.9,FALSE,$2b$13$e.UpewnPoVvoBoUqtZDvTelwrWiRbE1Q5eHP.HqZ76q3swQG0G0/S
189,luis@gmail.com,45:00.9,FALSE,$2b$13$e.UpewnPoVvoBoUqtZDvTelwrWiRbE1Q5eHP.HqZ76q3swQG0G0/S
190,luis@gmail.com,45:00.9,FALSE,$2b$13$e.UpewnPoVvoBoUqtZDvTelwrWiRbE1Q5eHP.HqZ76q3swQG0G0/S
191,luis@gmail.com,45:00.9,FALSE,$2b$13$e.UpewnPoVvoBoUqtZDvTelwrWiRbE1Q5eHP.HqZ76q3swQG0G0/S
192,luis@gmail.com,45:00.9,FALSE,$2b$13$e.UpewnPoVvoBoUqtZDvTelwrWiRbE1Q5eHP.HqZ76q3swQG0G0/S
193,luis@gmail.com,45:00.9,FALSE,$2b$13$e.UpewnPoVvoBoUqtZDvTelwrWiRbE1Q5eHP.HqZ76q3swQG0G0/S
194,luis@gmail.com,45:00.9,FALSE,$2b$13$e.UpewnPoVvoBoUqtZDvTelwrWiRbE1Q5eHP.HqZ76q3swQG0G0/S
195,luis@gmail.com,45:00.9,FALSE,$2b$13$e.UpewnPoVvoBoUqtZDvTelwrWiRbE1Q5eHP.HqZ76q3swQG0G0/S
196,luis@gmail.com,45:00.9,FALSE,$2b$13$e.UpewnPoVvoBoUqtZDvTelwrWiRbE1Q5eHP.HqZ76q3swQG0G0/S
197,luis@gmail.com,45:00.9,FALSE,$2b$13$e.UpewnPoVvoBoUqtZDvTelwrWiRbE1Q5eHP.HqZ76q3swQG0G0/S
198,luis@gmail.com,45:00.9,FALSE,$2b$13$e.UpewnPoVvoBoUqtZDvTelwrWiRbE1Q5eHP.HqZ76q3swQG0G0/S
199,luis@gmail.com,45:00.9,FALSE,$2b$13$e.UpewnPoVvoBoUqtZDvTelwrWiRbE1Q5eHP.HqZ76q3swQG0G0/S
200,luis@gmail.com,45:00.9,FALSE,$2b$13$e.UpewnPoVvoBoUqtZDvTelwrWiRbE1Q5eHP.HqZ76q3swQG0G0/S
201,luis@gmail.com,45:00.9,FALSE,$2b$13$e.UpewnPoVvoBoUqtZDvTelwrWiRbE1Q5eHP.HqZ76q3swQG0G0/S
202,luis@gmail.com,45:00.9,FALSE,$2b$13$e.UpewnPoVvoBoUqtZDvTelwrWiRbE1Q5eHP.HqZ76q3swQG0G0/S
203,luis@gmail.com,45:00.9,FALSE,$2b$13$e.UpewnPoVvoBoUqtZDvTelwrWiRbE1Q5eHP.HqZ76q3swQG0G0/S
204,luis@gmail.com,45:00.9,FALSE,$2b$13$e.UpewnPoVvoBoUqtZDvTelwrWiRbE1Q5eHP.HqZ76q3swQG0G0/S
205,luis@gmail.com,45:00.9,FALSE,$2b$13$e.UpewnPoVvoBoUqtZDvTelwrWiRbE1Q5eHP.HqZ76q3swQG0G0/S
206,luis@gmail.com,45:00.9,FALSE,$2b$13$e.UpewnPoVvoBoUqtZDvTelwrWiRbE1Q5eHP.HqZ76q3swQG0G0/S
207,luis@gmail.com,45:00.9,FALSE,$2b$13$e.UpewnPoVvoBoUqtZDvTelwrWiRbE1Q5eHP.HqZ76q3swQG0G0/S
208,luis@gmail.com,45:00.9,FALSE,$2b$13$e.UpewnPoVvoBoUqtZDvTelwrWiRbE1Q5eHP.HqZ76q3swQG0G0/S
209,luis@gmail.com,45:00.9,FALSE,$2b$13$e.UpewnPoVvoBoUqtZDvTelwrWiRbE1Q5eHP.HqZ76q3swQG0G0/S
210,luis@gmail.com,45:00.9,FALSE,$2b$13$e.UpewnPoVvoBoUqtZDvTelwrWiRbE1Q5eHP.HqZ76q3swQG0G0/S
211,luis@gmail.com,45:00.9,FALSE,$2b$13$e.UpewnPoVvoBoUqtZDvTelwrWiRbE1Q5eHP.HqZ76q3swQG0G0/S
212,luis@gmail.com,45:00.9,FALSE,$2b$13$e.UpewnPoVvoBoUqtZDvTelwrWiRbE1Q5eHP.HqZ76q3swQG0G0/S
213,luis@gmail.com,45:00.9,FALSE,$2b$13$e.UpewnPoVvoBoUqtZDvTelwrWiRbE1Q5eHP.HqZ76q3swQG0G0/S
214,luis@gmail.com,45:00.9,FALSE,$2b$13$e.UpewnPoVvoBoUqtZDvTelwrWiRbE1Q5eHP.HqZ76q3swQG0G0/S
215,luis@gmail.com,45:00.9,FALSE,$2b$13$e.UpewnPoVvoBoUqtZDvTelwrWiRbE1Q5eHP.HqZ76q3swQG0G0/S
216,luis@gmail.com,45:00.9,FALSE,$2b$13$e.UpewnPoVvoBoUqtZDvTelwrWiRbE1Q5eHP.HqZ76q3swQG0G0/S
217,luis@gmail.com,45:00.9,FALSE,$2b$13$e.UpewnPoVvoBoUqtZDvTelwrWiRbE1Q5eHP.HqZ76q3swQG0G0/S
218,luis@gmail.com,45:00.9,FALSE,$2b$13$e.UpewnPoVvoBoUqtZDvTelwrWiRbE1Q5eHP.HqZ76q3swQG0G0/S
219,luis@gmail.com,45:00.9,FALSE,$2b$13$e.UpewnPoVvoBoUqtZDvTelwrWiRbE1Q5eHP.HqZ76q3swQG0G0/S
220,luis@gmail.com,45:00.9,FALSE,$2b$13$e.UpewnPoVvoBoUqtZDvTelwrWiRbE1Q5eHP.HqZ76q3swQG0G0/S
221,luis@gmail.com,45:00.9,FALSE,$2b$13$e.UpewnPoVvoBoUqtZDvTelwrWiRbE1Q5eHP.HqZ76q3swQG0G0/S
222,luis@gmail.com,45:00.9,FALSE,$2b$13$e.UpewnPoVvoBoUqtZDvTelwrWiRbE1Q5eHP.HqZ76q3swQG0G0/S
223,luis@gmail.com,45:00.9,FALSE,$2b$13$e.UpewnPoVvoBoUqtZDvTelwrWiRbE1Q5eHP.HqZ76q3swQG0G0/S
224,luis@gmail.com,45:00.9,FALSE,$2b$13$e.UpewnPoVvoBoUqtZDvTelwrWiRbE1Q5eHP.HqZ76q3swQG0G0/S
225,luis@gmail.com,45:00.9,FALSE,$2b$13$e.UpewnPoVvoBoUqtZDvTelwrWiRbE1Q5eHP.HqZ76q3swQG0G0/S
226,luis@gmail.com,45:00.9,FALSE,$2b$13$e.UpewnPoVvoBoUqtZDvTelwrWiRbE1Q5eHP.HqZ76q3swQG0G0/S
227,luis@gmail.com,45:00.9,FALSE,$2b$13$e.UpewnPoVvoBoUqtZDvTelwrWiRbE1Q5eHP.HqZ76q3swQG0G0/S
228,luis@gmail.com,45:00.9,FALSE,$2b$13$e.UpewnPoVvoBoUqtZDvTelwrWiRbE1Q5eHP.HqZ76q3swQG0G0/S
229,luis@gmail.com,45:00.9,FALSE,$2b$13$e.UpewnPoVvoBoUqtZDvTelwrWiRbE1Q5eHP.HqZ76q3swQG0G0/S
230,luis@gmail.com,45:00.9,FALSE,$2b$13$e.UpewnPoVvoBoUqtZDvTelwrWiRbE1Q5eHP.HqZ76q3swQG0G0/S
231,luis@gmail.com,45:00.9,FALSE,$2b$13$e.UpewnPoVvoBoUqtZDvTelwrWiRbE1Q5eHP.HqZ76q3swQG0G0/S
232,luis@gmail.com,45:00.9,FALSE,$2b$13$e.UpewnPoVvoBoUqtZDvTelwrWiRbE1Q5eHP.HqZ76q3swQG0G0/S
233,luis@gmail.com,45:00.9,FALSE,$2b$13$e.UpewnPoVvoBoUqtZDvTelwrWiRbE1Q5eHP.HqZ76q3swQG0G0/S
234,luis@gmail.com,45:00.9,FALSE,$2b$13$e.UpewnPoVvoBoUqtZDvTelwrWiRbE1Q5eHP.HqZ76q3swQG0G0/S
235,luis@gmail.com,45:00.9,FALSE,$2b$13$e.UpewnPoVvoBoUqtZDvTelwrWiRbE1Q5eHP.HqZ76q3swQG0G0/S
236,luis@gmail.com,45:00.9,FALSE,$2b$13$e.UpewnPoVvoBoUqtZDvTelwrWiRbE1Q5eHP.HqZ76q3swQG0G0/S
237,luis@gmail.com,45:00.9,FALSE,$2b$13$e.UpewnPoVvoBoUqtZDvTelwrWiRbE1Q5eHP.HqZ76q3swQG0G0/S
238,luis@gmail.com,45:00.9,FALSE,$2b$13$e.UpewnPoVvoBoUqtZDvTelwrWiRbE1Q5eHP.HqZ76q3swQG0G0/S
239,luis@gmail.com,45:00.9,FALSE,$2b$13$e.UpewnPoVvoBoUqtZDvTelwrWiRbE1Q5eHP.HqZ76q3swQG0G0/S
240,luis@gmail.com,45:00.9,FALSE,$2b$13$e.UpewnPoVvoBoUqtZDvTelwrWiRbE1Q5eHP.HqZ76q3swQG0G0/S
241,luis@gmail.com,45:00.9,FALSE,$2b$13$e.UpewnPoVvoBoUqtZDvTelwrWiRbE1Q5eHP.HqZ76q3swQG0G0/S
242,luis@gmail.com,45:00.9,FALSE,$2b$13$e.UpewnPoVvoBoUqtZDvTelwrWiRbE1Q5eHP.HqZ76q3swQG0G0/S
243,luis@gmail.com,45:00.9,FALSE,$2b$13$e.UpewnPoVvoBoUqtZDvTelwrWiRbE1Q5eHP.HqZ76q3swQG0G0/S
244,luis@gmail.com,45:00.9,FALSE,$2b$13$e.UpewnPoVvoBoUqtZDvTelwrWiRbE1Q5eHP.HqZ76q3swQG0G0/S
245,luis@gmail.com,45:00.9,FALSE,$2b$13$e.UpewnPoVvoBoUqtZDvTelwrWiRbE1Q5eHP.HqZ76q3swQG0G0/S
246,luis@gmail.com,45:00.9,FALSE,$2b$13$e.UpewnPoVvoBoUqtZDvTelwrWiRbE1Q5eHP.HqZ76q3swQG0G0/S
247,luis@gmail.com,45:00.9,FALSE,$2b$13$e.UpewnPoVvoBoUqtZDvTelwrWiRbE1Q5eHP.HqZ76q3swQG0G0/S
248,luis@gmail.com,45:00.9,FALSE,$2b$13$e.UpewnPoVvoBoUqtZDvTelwrWiRbE1Q5eHP.HqZ76q3swQG0G0/S
249,luis@gmail.com,45:00.9,FALSE,$2b$13$e.UpewnPoVvoBoUqtZDvTelwrWiRbE1Q5eHP.HqZ76q3swQG0G0/S
250,luis@gmail.com,45:00.9,FALSE,$2b$13$e.UpewnPoVvoBoUqtZDvTelwrWiRbE1Q5eHP.HqZ76q3swQG0G0/S
251,luis@gmail.com,45:00.9,FALSE,$2b$13$e.UpewnPoVvoBoUqtZDvTelwrWiRbE1Q5eHP.HqZ76q3swQG0G0/S
252,luis@gmail.com,45:00.9,FALSE,$2b$13$e.UpewnPoVvoBoUqtZDvTelwrWiRbE1Q5eHP.HqZ76q3swQG0G0/S
253,luis@gmail.com,45:00.9,FALSE,$2b$13$e.UpewnPoVvoBoUqtZDvTelwrWiRbE1Q5eHP.HqZ76q3swQG0G0/S
254,luis@gmail.com,45:00.9,FALSE,$2b$13$e.UpewnPoVvoBoUqtZDvTelwrWiRbE1Q5eHP.HqZ76q3swQG0G0/S
255,luis@gmail.com,45:00.9,FALSE,$2b$13$e.UpewnPoVvoBoUqtZDvTelwrWiRbE1Q5eHP.HqZ76q3swQG0G0/S
256,luis@gmail.com,45:00.9,FALSE,$2b$13$e.UpewnPoVvoBoUqtZDvTelwrWiRbE1Q5eHP.HqZ76q3swQG0G0/S
257,luis@gmail.com,45:00.9,FALSE,$2b$13$e.UpewnPoVvoBoUqtZDvTelwrWiRbE1Q5eHP.HqZ76q3swQG0G0/S
258,luis@gmail.com,45:00.9,FALSE,$2b$13$e.UpewnPoVvoBoUqtZDvTelwrWiRbE1Q5eHP.HqZ76q3swQG0G0/S
259,luis@gmail.com,45:00.9,FALSE,$2b$13$e.UpewnPoVvoBoUqtZDvTelwrWiRbE1Q5eHP.HqZ76q3swQG0G0/S
260,luis@gmail.com,45:00.9,FALSE,$2b$13$e.UpewnPoVvoBoUqtZDvTelwrWiRbE1Q5eHP.HqZ76q3swQG0G0/S
261,luis@gmail.com,45:00.9,FALSE,$2b$13$e.UpewnPoVvoBoUqtZDvTelwrWiRbE1Q5eHP.HqZ76q3swQG0G0/S
262,luis@gmail.com,45:00.9,FALSE,$2b$13$e.UpewnPoVvoBoUqtZDvTelwrWiRbE1Q5eHP.HqZ76q3swQG0G0/S
263,luis@gmail.com,45:00.9,FALSE,$2b$13$e.UpewnPoVvoBoUqtZDvTelwrWiRbE1Q5eHP.HqZ76q3swQG0G0/S
264,luis@gmail.com,45:00.9,FALSE,$2b$13$e.UpewnPoVvoBoUqtZDvTelwrWiRbE1Q5eHP.HqZ76q3swQG0G0/S
265,luis@gmail.com,45:00.9,FALSE,$2b$13$e.UpewnPoVvoBoUqtZDvTelwrWiRbE1Q5eHP.HqZ76q3swQG0G0/S
266,luis@gmail.com,45:00.9,FALSE,$2b$13$e.UpewnPoVvoBoUqtZDvTelwrWiRbE1Q5eHP.HqZ76q3swQG0G0/S
267,luis@gmail.com,45:00.9,FALSE,$2b$13$e.UpewnPoVvoBoUqtZDvTelwrWiRbE1Q5eHP.HqZ76q3swQG0G0/S
268,luis@gmail.com,45:00.9,FALSE,$2b$13$e.UpewnPoVvoBoUqtZDvTelwrWiRbE1Q5eHP.HqZ76q3swQG0G0/S
269,luis@gmail.com,45:00.9,FALSE,$2b$13$e.UpewnPoVvoBoUqtZDvTelwrWiRbE1Q5eHP.HqZ76q3swQG0G0/S
270,luis@gmail.com,45:00.9,FALSE,$2b$13$e.UpewnPoVvoBoUqtZDvTelwrWiRbE1Q5eHP.HqZ76q3swQG0G0/S
271,luis@gmail.com,45:00.9,FALSE,$2b$13$e.UpewnPoVvoBoUqtZDvTelwrWiRbE1Q5eHP.HqZ76q3swQG0G0/S
272,luis@gmail.com,45:00.9,FALSE,$2b$13$e.UpewnPoVvoBoUqtZDvTelwrWiRbE1Q5eHP.HqZ76q3swQG0G0/S
273,luis@gmail.com,45:00.9,FALSE,$2b$13$e.UpewnPoVvoBoUqtZDvTelwrWiRbE1Q5eHP.HqZ76q3swQG0G0/S
274,luis@gmail.com,45:00.9,FALSE,$2b$13$e.UpewnPoVvoBoUqtZDvTelwrWiRbE1Q5eHP.HqZ76q3swQG0G0/S
275,luis@gmail.com,45:00.9,FALSE,$2b$13$e.UpewnPoVvoBoUqtZDvTelwrWiRbE1Q5eHP.HqZ76q3swQG0G0/S
276,luis@gmail.com,45:00.9,FALSE,$2b$13$e.UpewnPoVvoBoUqtZDvTelwrWiRbE1Q5eHP.HqZ76q3swQG0G0/S
277,luis@gmail.com,45:00.9,FALSE,$2b$13$e.UpewnPoVvoBoUqtZDvTelwrWiRbE1Q5eHP.HqZ76q3swQG0G0/S
278,luis@gmail.com,45:00.9,FALSE,$2b$13$e.UpewnPoVvoBoUqtZDvTelwrWiRbE1Q5eHP.HqZ76q3swQG0G0/S
279,luis@gmail.com,45:00.9,FALSE,$2b$13$e.UpewnPoVvoBoUqtZDvTelwrWiRbE1Q5eHP.HqZ76q3swQG0G0/S
280,luis@gmail.com,45:00.9,FALSE,$2b$13$e.UpewnPoVvoBoUqtZDvTelwrWiRbE1Q5eHP.HqZ76q3swQG0G0/S
281,luis@gmail.com,45:00.9,FALSE,$2b$13$e.UpewnPoVvoBoUqtZDvTelwrWiRbE1Q5eHP.HqZ76q3swQG0G0/S
282,luis@gmail.com,45:00.9,FALSE,$2b$13$e.UpewnPoVvoBoUqtZDvTelwrWiRbE1Q5eHP.HqZ76q3swQG0G0/S
283,luis@gmail.com,45:00.9,FALSE,$2b$13$e.UpewnPoVvoBoUqtZDvTelwrWiRbE1Q5eHP.HqZ76q3swQG0G0/S
284,luis@gmail.com,45:00.9,FALSE,$2b$13$e.UpewnPoVvoBoUqtZDvTelwrWiRbE1Q5eHP.HqZ76q3swQG0G0/S
285,luis@gmail.com,45:00.9,FALSE,$2b$13$e.UpewnPoVvoBoUqtZDvTelwrWiRbE1Q5eHP.HqZ76q3swQG0G0/S
286,luis@gmail.com,45:00.9,FALSE,$2b$13$e.UpewnPoVvoBoUqtZDvTelwrWiRbE1Q5eHP.HqZ76q3swQG0G0/S
287,luis@gmail.com,45:00.9,FALSE,$2b$13$e.UpewnPoVvoBoUqtZDvTelwrWiRbE1Q5eHP.HqZ76q3swQG0G0/S
288,luis@gmail.com,45:00.9,FALSE,$2b$13$e.UpewnPoVvoBoUqtZDvTelwrWiRbE1Q5eHP.HqZ76q3swQG0G0/S
289,luis@gmail.com,45:00.9,FALSE,$2b$13$e.UpewnPoVvoBoUqtZDvTelwrWiRbE1Q5eHP.HqZ76q3swQG0G0/S
290,luis@gmail.com,45:00.9,FALSE,$2b$13$e.UpewnPoVvoBoUqtZDvTelwrWiRbE1Q5eHP.HqZ76q3swQG0G0/S
291,luis@gmail.com,45:00.9,FALSE,$2b$13$e.UpewnPoVvoBoUqtZDvTelwrWiRbE1Q5eHP.HqZ76q3swQG0G0/S
292,luis@gmail.com,45:00.9,FALSE,$2b$13$e.UpewnPoVvoBoUqtZDvTelwrWiRbE1Q5eHP.HqZ76q3swQG0G0/S
293,luis@gmail.com,45:00.9,FALSE,$2b$13$e.UpewnPoVvoBoUqtZDvTelwrWiRbE1Q5eHP.HqZ76q3swQG0G0/S
294,luis@gmail.com,45:00.9,FALSE,$2b$13$e.UpewnPoVvoBoUqtZDvTelwrWiRbE1Q5eHP.HqZ76q3swQG0G0/S
295,luis@gmail.com,45:00.9,FALSE,$2b$13$e.UpewnPoVvoBoUqtZDvTelwrWiRbE1Q5eHP.HqZ76q3swQG0G0/S
296,luis@gmail.com,45:00.9,FALSE,$2b$13$e.UpewnPoVvoBoUqtZDvTelwrWiRbE1Q5eHP.HqZ76q3swQG0G0/S
297,luis@gmail.com,45:00.9,FALSE,$2b$13$e.UpewnPoVvoBoUqtZDvTelwrWiRbE1Q5eHP.HqZ76q3swQG0G0/S
298,luis@gmail.com,45:00.9,FALSE,$2b$13$e.UpewnPoVvoBoUqtZDvTelwrWiRbE1Q5eHP.HqZ76q3swQG0G0/S
299,luis@gmail.com,45:00.9,FALSE,$2b$13$e.UpewnPoVvoBoUqtZDvTelwrWiRbE1Q5eHP.HqZ76q3swQG0G0/S
300,luis@gmail.com,45:00.9,FALSE,$2b$13$e.UpewnPoVvoBoUqtZDvTelwrWiRbE1Q5eHP.HqZ76q3swQG0G0/S
301,luis@gmail.com,45:00.9,FALSE,$2b$13$e.UpewnPoVvoBoUqtZDvTelwrWiRbE1Q5eHP.HqZ76q3swQG0G0/S
302,luis@gmail.com,45:00.9,FALSE,$2b$13$e.UpewnPoVvoBoUqtZDvTelwrWiRbE1Q5eHP.HqZ76q3swQG0G0/S
303,luis@gmail.com,45:00.9,FALSE,$2b$13$e.UpewnPoVvoBoUqtZDvTelwrWiRbE1Q5eHP.HqZ76q3swQG0G0/S
304,luis@gmail.com,45:00.9,FALSE,$2b$13$e.UpewnPoVvoBoUqtZDvTelwrWiRbE1Q5eHP.HqZ76q3swQG0G0/S
305,luis@gmail.com,45:00.9,FALSE,$2b$13$e.UpewnPoVvoBoUqtZDvTelwrWiRbE1Q5eHP.HqZ76q3swQG0G0/S
306,luis@gmail.com,45:00.9,FALSE,$2b$13$e.UpewnPoVvoBoUqtZDvTelwrWiRbE1Q5eHP.HqZ76q3swQG0G0/S
307,luis@gmail.com,45:00.9,FALSE,$2b$13$e.UpewnPoVvoBoUqtZDvTelwrWiRbE1Q5eHP.HqZ76q3swQG0G0/S
308,luis@gmail.com,45:00.9,FALSE,$2b$13$e.UpewnPoVvoBoUqtZDvTelwrWiRbE1Q5eHP.HqZ76q3swQG0G0/S
309,luis@gmail.com,45:00.9,FALSE,$2b$13$e.UpewnPoVvoBoUqtZDvTelwrWiRbE1Q5eHP.HqZ76q3swQG0G0/S
310,luis@gmail.com,45:00.9,FALSE,$2b$13$e.UpewnPoVvoBoUqtZDvTelwrWiRbE1Q5eHP.HqZ76q3swQG0G0/S
311,luis@gmail.com,45:00.9,FALSE,$2b$13$e.UpewnPoVvoBoUqtZDvTelwrWiRbE1Q5eHP.HqZ76q3swQG0G0/S
312,luis@gmail.com,45:00.9,FALSE,$2b$13$e.UpewnPoVvoBoUqtZDvTelwrWiRbE1Q5eHP.HqZ76q3swQG0G0/S
313,luis@gmail.com,45:00.9,FALSE,$2b$13$e.UpewnPoVvoBoUqtZDvTelwrWiRbE1Q5eHP.HqZ76q3swQG0G0/S
314,luis@gmail.com,45:00.9,FALSE,$2b$13$e.UpewnPoVvoBoUqtZDvTelwrWiRbE1Q5eHP.HqZ76q3swQG0G0/S
315,luis@gmail.com,45:00.9,FALSE,$2b$13$e.UpewnPoVvoBoUqtZDvTelwrWiRbE1Q5eHP.HqZ76q3swQG0G0/S
316,luis@gmail.com,45:00.9,FALSE,$2b$13$e.UpewnPoVvoBoUqtZDvTelwrWiRbE1Q5eHP.HqZ76q3swQG0G0/S
317,luis@gmail.com,45:00.9,FALSE,$2b$13$e.UpewnPoVvoBoUqtZDvTelwrWiRbE1Q5eHP.HqZ76q3swQG0G0/S
318,luis@gmail.com,45:00.9,FALSE,$2b$13$e.UpewnPoVvoBoUqtZDvTelwrWiRbE1Q5eHP.HqZ76q3swQG0G0/S
319,luis@gmail.com,45:00.9,FALSE,$2b$13$e.UpewnPoVvoBoUqtZDvTelwrWiRbE1Q5eHP.HqZ76q3swQG0G0/S
320,luis@gmail.com,45:00.9,FALSE,$2b$13$e.UpewnPoVvoBoUqtZDvTelwrWiRbE1Q5eHP.HqZ76q3swQG0G0/S
321,luis@gmail.com,45:00.9,FALSE,$2b$13$e.UpewnPoVvoBoUqtZDvTelwrWiRbE1Q5eHP.HqZ76q3swQG0G0/S
322,luis@gmail.com,45:00.9,FALSE,$2b$13$e.UpewnPoVvoBoUqtZDvTelwrWiRbE1Q5eHP.HqZ76q3swQG0G0/S
323,luis@gmail.com,45:00.9,FALSE,$2b$13$e.UpewnPoVvoBoUqtZDvTelwrWiRbE1Q5eHP.HqZ76q3swQG0G0/S
324,luis@gmail.com,45:00.9,FALSE,$2b$13$e.UpewnPoVvoBoUqtZDvTelwrWiRbE1Q5eHP.HqZ76q3swQG0G0/S
325,luis@gmail.com,45:00.9,FALSE,$2b$13$e.UpewnPoVvoBoUqtZDvTelwrWiRbE1Q5eHP.HqZ76q3swQG0G0/S
326,luis@gmail.com,45:00.9,FALSE,$2b$13$e.UpewnPoVvoBoUqtZDvTelwrWiRbE1Q5eHP.HqZ76q3swQG0G0/S
327,luis@gmail.com,45:00.9,FALSE,$2b$13$e.UpewnPoVvoBoUqtZDvTelwrWiRbE1Q5eHP.HqZ76q3swQG0G0/S
328,luis@gmail.com,45:00.9,FALSE,$2b$13$e.UpewnPoVvoBoUqtZDvTelwrWiRbE1Q5eHP.HqZ76q3swQG0G0/S
329,luis@gmail.com,45:00.9,FALSE,$2b$13$e.UpewnPoVvoBoUqtZDvTelwrWiRbE1Q5eHP.HqZ76q3swQG0G0/S
330,luis@gmail.com,45:00.9,FALSE,$2b$13$e.UpewnPoVvoBoUqtZDvTelwrWiRbE1Q5eHP.HqZ76q3swQG0G0/S
331,luis@gmail.com,45:00.9,FALSE,$2b$13$e.UpewnPoVvoBoUqtZDvTelwrWiRbE1Q5eHP.HqZ76q3swQG0G0/S
332,luis@gmail.com,45:00.9,FALSE,$2b$13$e.UpewnPoVvoBoUqtZDvTelwrWiRbE1Q5eHP.HqZ76q3swQG0G0/S
333,luis@gmail.com,45:00.9,FALSE,$2b$13$e.UpewnPoVvoBoUqtZDvTelwrWiRbE1Q5eHP.HqZ76q3swQG0G0/S
334,luis@gmail.com,45:00.9,FALSE,$2b$13$e.UpewnPoVvoBoUqtZDvTelwrWiRbE1Q5eHP.HqZ76q3swQG0G0/S
335,luis@gmail.com,45:00.9,FALSE,$2b$13$e.UpewnPoVvoBoUqtZDvTelwrWiRbE1Q5eHP.HqZ76q3swQG0G0/S
336,luis@gmail.com,45:00.9,FALSE,$2b$13$e.UpewnPoVvoBoUqtZDvTelwrWiRbE1Q5eHP.HqZ76q3swQG0G0/S
337,luis@gmail.com,45:00.9,FALSE,$2b$13$e.UpewnPoVvoBoUqtZDvTelwrWiRbE1Q5eHP.HqZ76q3swQG0G0/S
338,luis@gmail.com,45:00.9,FALSE,$2b$13$e.UpewnPoVvoBoUqtZDvTelwrWiRbE1Q5eHP.HqZ76q3swQG0G0/S
339,luis@gmail.com,45:00.9,FALSE,$2b$13$e.UpewnPoVvoBoUqtZDvTelwrWiRbE1Q5eHP.HqZ76q3swQG0G0/S
340,luis@gmail.com,45:00.9,FALSE,$2b$13$e.UpewnPoVvoBoUqtZDvTelwrWiRbE1Q5eHP.HqZ76q3swQG0G0/S
341,luis@gmail.com,45:00.9,FALSE,$2b$13$e.UpewnPoVvoBoUqtZDvTelwrWiRbE1Q5eHP.HqZ76q3swQG0G0/S
342,luis@gmail.com,45:00.9,FALSE,$2b$13$e.UpewnPoVvoBoUqtZDvTelwrWiRbE1Q5eHP.HqZ76q3swQG0G0/S
343,luis@gmail.com,45:00.9,FALSE,$2b$13$e.UpewnPoVvoBoUqtZDvTelwrWiRbE1Q5eHP.HqZ76q3swQG0G0/S
344,luis@gmail.com,45:00.9,FALSE,$2b$13$e.UpewnPoVvoBoUqtZDvTelwrWiRbE1Q5eHP.HqZ76q3swQG0G0/S
345,luis@gmail.com,45:00.9,FALSE,$2b$13$e.UpewnPoVvoBoUqtZDvTelwrWiRbE1Q5eHP.HqZ76q3swQG0G0/S
346,luis@gmail.com,45:00.9,FALSE,$2b$13$e.UpewnPoVvoBoUqtZDvTelwrWiRbE1Q5eHP.HqZ76q3swQG0G0/S
347,luis@gmail.com,45:00.9,FALSE,$2b$13$e.UpewnPoVvoBoUqtZDvTelwrWiRbE1Q5eHP.HqZ76q3swQG0G0/S
348,luis@gmail.com,45:00.9,FALSE,$2b$13$e.UpewnPoVvoBoUqtZDvTelwrWiRbE1Q5eHP.HqZ76q3swQG0G0/S
349,luis@gmail.com,45:00.9,FALSE,$2b$13$e.UpewnPoVvoBoUqtZDvTelwrWiRbE1Q5eHP.HqZ76q3swQG0G0/S
350,luis@gmail.com,45:00.9,FALSE,$2b$13$e.UpewnPoVvoBoUqtZDvTelwrWiRbE1Q5eHP.HqZ76q3swQG0G0/S
351,luis@gmail.com,45:00.9,FALSE,$2b$13$e.UpewnPoVvoBoUqtZDvTelwrWiRbE1Q5eHP.HqZ76q3swQG0G0/S
352,luis@gmail.com,45:00.9,FALSE,$2b$13$e.UpewnPoVvoBoUqtZDvTelwrWiRbE1Q5eHP.HqZ76q3swQG0G0/S
353,luis@gmail.com,45:00.9,FALSE,$2b$13$e.UpewnPoVvoBoUqtZDvTelwrWiRbE1Q5eHP.HqZ76q3swQG0G0/S
354,luis@gmail.com,45:00.9,FALSE,$2b$13$e.UpewnPoVvoBoUqtZDvTelwrWiRbE1Q5eHP.HqZ76q3swQG0G0/S
355,luis@gmail.com,45:00.9,FALSE,$2b$13$e.UpewnPoVvoBoUqtZDvTelwrWiRbE1Q5eHP.HqZ76q3swQG0G0/S
356,luis@gmail.com,45:00.9,FALSE,$2b$13$e.UpewnPoVvoBoUqtZDvTelwrWiRbE1Q5eHP.HqZ76q3swQG0G0/S
357,luis@gmail.com,45:00.9,FALSE,$2b$13$e.UpewnPoVvoBoUqtZDvTelwrWiRbE1Q5eHP.HqZ76q3swQG0G0/S
358,luis@gmail.com,45:00.9,FALSE,$2b$13$e.UpewnPoVvoBoUqtZDvTelwrWiRbE1Q5eHP.HqZ76q3swQG0G0/S
359,luis@gmail.com,45:00.9,FALSE,$2b$13$e.UpewnPoVvoBoUqtZDvTelwrWiRbE1Q5eHP.HqZ76q3swQG0G0/S
360,luis@gmail.com,45:00.9,FALSE,$2b$13$e.UpewnPoVvoBoUqtZDvTelwrWiRbE1Q5eHP.HqZ76q3swQG0G0/S
361,luis@gmail.com,45:00.9,FALSE,$2b$13$e.UpewnPoVvoBoUqtZDvTelwrWiRbE1Q5eHP.HqZ76q3swQG0G0/S
362,luis@gmail.com,45:00.9,FALSE,$2b$13$e.UpewnPoVvoBoUqtZDvTelwrWiRbE1Q5eHP.HqZ76q3swQG0G0/S
363,luis@gmail.com,45:00.9,FALSE,$2b$13$e.UpewnPoVvoBoUqtZDvTelwrWiRbE1Q5eHP.HqZ76q3swQG0G0/S
364,luis@gmail.com,45:00.9,FALSE,$2b$13$e.UpewnPoVvoBoUqtZDvTelwrWiRbE1Q5eHP.HqZ76q3swQG0G0/S
365,luis@gmail.com,45:00.9,FALSE,$2b$13$e.UpewnPoVvoBoUqtZDvTelwrWiRbE1Q5eHP.HqZ76q3swQG0G0/S
366,luis@gmail.com,45:00.9,FALSE,$2b$13$e.UpewnPoVvoBoUqtZDvTelwrWiRbE1Q5eHP.HqZ76q3swQG0G0/S
367,luis@gmail.com,45:00.9,FALSE,$2b$13$e.UpewnPoVvoBoUqtZDvTelwrWiRbE1Q5eHP.HqZ76q3swQG0G0/S
368,luis@gmail.com,45:00.9,FALSE,$2b$13$e.UpewnPoVvoBoUqtZDvTelwrWiRbE1Q5eHP.HqZ76q3swQG0G0/S
369,luis@gmail.com,45:00.9,FALSE,$2b$13$e.UpewnPoVvoBoUqtZDvTelwrWiRbE1Q5eHP.HqZ76q3swQG0G0/S
370,luis@gmail.com,45:00.9,FALSE,$2b$13$e.UpewnPoVvoBoUqtZDvTelwrWiRbE1Q5eHP.HqZ76q3swQG0G0/S
371,luis@gmail.com,45:00.9,FALSE,$2b$13$e.UpewnPoVvoBoUqtZDvTelwrWiRbE1Q5eHP.HqZ76q3swQG0G0/S
372,luis@gmail.com,45:00.9,FALSE,$2b$13$e.UpewnPoVvoBoUqtZDvTelwrWiRbE1Q5eHP.HqZ76q3swQG0G0/S
373,luis@gmail.com,45:00.9,FALSE,$2b$13$e.UpewnPoVvoBoUqtZDvTelwrWiRbE1Q5eHP.HqZ76q3swQG0G0/S
374,luis@gmail.com,45:00.9,FALSE,$2b$13$e.UpewnPoVvoBoUqtZDvTelwrWiRbE1Q5eHP.HqZ76q3swQG0G0/S
375,luis@gmail.com,45:00.9,FALSE,$2b$13$e.UpewnPoVvoBoUqtZDvTelwrWiRbE1Q5eHP.HqZ76q3swQG0G0/S
376,luis@gmail.com,45:00.9,FALSE,$2b$13$e.UpewnPoVvoBoUqtZDvTelwrWiRbE1Q5eHP.HqZ76q3swQG0G0/S
377,luis@gmail.com,45:00.9,FALSE,$2b$13$e.UpewnPoVvoBoUqtZDvTelwrWiRbE1Q5eHP.HqZ76q3swQG0G0/S
378,luis@gmail.com,45:00.9,FALSE,$2b$13$e.UpewnPoVvoBoUqtZDvTelwrWiRbE1Q5eHP.HqZ76q3swQG0G0/S
379,luis@gmail.com,45:00.9,FALSE,$2b$13$e.UpewnPoVvoBoUqtZDvTelwrWiRbE1Q5eHP.HqZ76q3swQG0G0/S
380,luis@gmail.com,45:00.9,FALSE,$2b$13$e.UpewnPoVvoBoUqtZDvTelwrWiRbE1Q5eHP.HqZ76q3swQG0G0/S
381,luis@gmail.com,45:00.9,FALSE,$2b$13$e.UpewnPoVvoBoUqtZDvTelwrWiRbE1Q5eHP.HqZ76q3swQG0G0/S
382,luis@gmail.com,45:00.9,FALSE,$2b$13$e.UpewnPoVvoBoUqtZDvTelwrWiRbE1Q5eHP.HqZ76q3swQG0G0/S
383,luis@gmail.com,45:00.9,FALSE,$2b$13$e.UpewnPoVvoBoUqtZDvTelwrWiRbE1Q5eHP.HqZ76q3swQG0G0/S
384,luis@gmail.com,45:00.9,FALSE,$2b$13$e.UpewnPoVvoBoUqtZDvTelwrWiRbE1Q5eHP.HqZ76q3swQG0G0/S
385,luis@gmail.com,45:00.9,FALSE,$2b$13$e.UpewnPoVvoBoUqtZDvTelwrWiRbE1Q5eHP.HqZ76q3swQG0G0/S
386,luis@gmail.com,45:00.9,FALSE,$2b$13$e.UpewnPoVvoBoUqtZDvTelwrWiRbE1Q5eHP.HqZ76q3swQG0G0/S
387,luis@gmail.com,45:00.9,FALSE,$2b$13$e.UpewnPoVvoBoUqtZDvTelwrWiRbE1Q5eHP.HqZ76q3swQG0G0/S
388,luis@gmail.com,45:00.9,FALSE,$2b$13$e.UpewnPoVvoBoUqtZDvTelwrWiRbE1Q5eHP.HqZ76q3swQG0G0/S
389,luis@gmail.com,45:00.9,FALSE,$2b$13$e.UpewnPoVvoBoUqtZDvTelwrWiRbE1Q5eHP.HqZ76q3swQG0G0/S
390,luis@gmail.com,45:00.9,FALSE,$2b$13$e.UpewnPoVvoBoUqtZDvTelwrWiRbE1Q5eHP.HqZ76q3swQG0G0/S
391,luis@gmail.com,45:00.9,FALSE,$2b$13$e.UpewnPoVvoBoUqtZDvTelwrWiRbE1Q5eHP.HqZ76q3swQG0G0/S
392,luis@gmail.com,45:00.9,FALSE,$2b$13$e.UpewnPoVvoBoUqtZDvTelwrWiRbE1Q5eHP.HqZ76q3swQG0G0/S
393,luis@gmail.com,45:00.9,FALSE,$2b$13$e.UpewnPoVvoBoUqtZDvTelwrWiRbE1Q5eHP.HqZ76q3swQG0G0/S
